Date,Total page views (desktop),Total page views (mobile),Total page views (total),Total unique visitors (desktop),Total unique visitors (mobile),Total unique visitors (total),Sponsored followers,Organic followers,Total followers,Impressions (organic),Impressions (sponsored),Impressions (total),Unique impressions (organic),Clicks (organic),Clicks (sponsored),Clicks (total),Likes (organic),Likes (sponsored),Likes (total),Comments (organic),Comments (sponsored),Comments (total),Shares (organic),Shares (sponsored),Shares (total),Engagement rate (organic),Engagement rate (sponsored),Engagement rate (total)
2018-06-08,198.0,288.0,486.0,142.0,97.0,239.0,0.0,63.0,63.0,5313.0,0.0,5313.0,2393.0,55.0,55.0,0.0,20.0,0.0,20.0,0.0,0.0,0.0,1.0,0.0,1.0,0.014304536043666478,0.0,0.014304536043666478
2018-06-09,61.0,225.0,286.0,46.0,87.0,133.0,0.0,34.0,34.0,3486.0,0.0,3486.0,1669.0,35.0,35.0,0.0,15.0,0.0,15.0,0.0,0.0,0.0,1.0,0.0,1.0,0.014629948364888123,0.0,0.014629948364888123
2018-06-10,69.0,268.0,337.0,54.0,82.0,135.0,0.0,48.0,48.0,3535.0,0.0,3535.0,1653.0,39.0,39.0,0.0,18.0,0.0,18.0,0.0,0.0,0.0,1.0,0.0,1.0,0.01640735502121641,0.0,0.01640735502121641
2018-06-11,216.0,289.0,505.0,159.0,98.0,257.0,0.0,62.0,62.0,5349.0,0.0,5349.0,2306.0,47.0,47.0,0.0,8.0,0.0,8.0,0.0,0.0,0.0,0.0,0.0,0.0,0.010282295756216114,0.0,0.010282295756216114
2018-06-12,256.0,363.0,619.0,179.0,112.0,290.0,0.0,73.0,73.0,4951.0,0.0,4951.0,2015.0,46.0,46.0,0.0,16.0,0.0,16.0,1.0,0.0,1.0,2.0,0.0,2.0,0.013128660876590587,0.0,0.013128660876590587
2018-06-13,212.0,340.0,552.0,165.0,104.0,269.0,0.0,75.0,75.0,4590.0,0.0,4590.0,1805.0,46.0,46.0,0.0,15.0,0.0,15.0,1.0,0.0,1.0,2.0,0.0,2.0,0.013943355119825708,0.0,0.013943355119825708
2018-06-14,230.0,351.0,581.0,172.0,113.0,285.0,0.0,61.0,61.0,3868.0,0.0,3868.0,1585.0,34.0,34.0,0.0,11.0,0.0,11.0,0.0,0.0,0.0,2.0,0.0,2.0,0.012150982419855223,0.0,0.012150982419855223
2018-06-15,142.0,323.0,465.0,103.0,102.0,204.0,0.0,38.0,38.0,2272.0,0.0,2272.0,1042.0,26.0,26.0,0.0,5.0,0.0,5.0,0.0,0.0,0.0,5.0,0.0,5.0,0.01584507042253521,0.0,0.01584507042253521
2018-06-16,60.0,257.0,317.0,47.0,87.0,134.0,0.0,38.0,38.0,1691.0,0.0,1691.0,785.0,32.0,32.0,0.0,5.0,0.0,5.0,-1.0,0.0,-1.0,3.0,0.0,3.0,0.023063276167947958,0.0,0.023063276167947958
2018-06-17,69.0,230.0,299.0,48.0,76.0,123.0,0.0,30.0,30.0,1487.0,0.0,1487.0,675.0,22.0,22.0,0.0,5.0,0.0,5.0,0.0,0.0,0.0,0.0,0.0,0.0,0.01815736381977135,0.0,0.01815736381977135
2018-06-18,254.0,273.0,527.0,207.0,81.0,287.0,0.0,72.0,72.0,2658.0,0.0,2658.0,1210.0,37.0,37.0,0.0,11.0,0.0,11.0,0.0,0.0,0.0,1.0,0.0,1.0,0.018434913468773514,0.0,0.018434913468773514
2018-06-19,234.0,281.0,515.0,180.0,88.0,268.0,0.0,85.0,85.0,2896.0,0.0,2896.0,1366.0,23.0,23.0,0.0,15.0,0.0,15.0,0.0,0.0,0.0,1.0,0.0,1.0,0.013466850828729282,0.0,0.013466850828729282
2018-06-20,231.0,308.0,539.0,184.0,106.0,290.0,4.0,71.0,75.0,2434.0,0.0,2434.0,1143.0,34.0,34.0,0.0,4.0,0.0,4.0,0.0,0.0,0.0,2.0,0.0,2.0,0.016433853738701727,0.0,0.016433853738701727
2018-06-21,274.0,266.0,540.0,192.0,93.0,283.0,5.0,88.0,93.0,2190.0,0.0,2190.0,993.0,24.0,24.0,0.0,10.0,0.0,10.0,0.0,0.0,0.0,0.0,0.0,0.0,0.015525114155251141,0.0,0.015525114155251141
2018-06-22,209.0,309.0,518.0,161.0,88.0,249.0,5.0,73.0,78.0,1648.0,0.0,1648.0,742.0,23.0,23.0,0.0,4.0,0.0,4.0,0.0,0.0,0.0,0.0,0.0,0.0,0.016383495145631068,0.0,0.016383495145631068
2018-06-23,91.0,234.0,325.0,68.0,81.0,148.0,2.0,34.0,36.0,1045.0,0.0,1045.0,509.0,9.0,9.0,0.0,3.0,0.0,3.0,0.0,0.0,0.0,-1.0,0.0,-1.0,0.010526315789473684,0.0,0.010526315789473684
2018-06-24,72.0,218.0,290.0,57.0,77.0,134.0,0.0,36.0,36.0,999.0,0.0,999.0,476.0,12.0,12.0,0.0,8.0,0.0,8.0,0.0,0.0,0.0,0.0,0.0,0.0,0.02002002002002002,0.0,0.02002002002002002
2018-06-25,243.0,241.0,484.0,169.0,89.0,258.0,3.0,64.0,67.0,1549.0,0.0,1549.0,735.0,10.0,10.0,0.0,9.0,0.0,9.0,1.0,0.0,1.0,0.0,0.0,0.0,0.012911555842479019,0.0,0.012911555842479019
2018-06-26,259.0,317.0,576.0,195.0,102.0,297.0,4.0,76.0,80.0,12626.0,0.0,12626.0,6320.0,248.0,248.0,0.0,38.0,0.0,38.0,0.0,0.0,0.0,4.0,0.0,4.0,0.022968477744337083,0.0,0.022968477744337083
2018-06-27,222.0,223.0,445.0,173.0,83.0,256.0,6.0,64.0,70.0,18293.0,0.0,18293.0,9339.0,345.0,345.0,0.0,52.0,0.0,52.0,0.0,0.0,0.0,3.0,0.0,3.0,0.02186628765101405,0.0,0.02186628765101405
2018-06-28,279.0,300.0,579.0,205.0,103.0,308.0,5.0,66.0,71.0,10344.0,0.0,10344.0,5652.0,143.0,143.0,0.0,26.0,0.0,26.0,0.0,0.0,0.0,2.0,0.0,2.0,0.016531322505800465,0.0,0.016531322505800465
2018-06-29,219.0,247.0,466.0,170.0,97.0,264.0,4.0,48.0,52.0,10041.0,0.0,10041.0,5556.0,290.0,290.0,0.0,85.0,0.0,85.0,3.0,0.0,3.0,4.0,0.0,4.0,0.03804401951996813,0.0,0.03804401951996813
2018-06-30,94.0,315.0,409.0,65.0,130.0,195.0,3.0,59.0,62.0,11418.0,0.0,11418.0,6972.0,451.0,451.0,0.0,148.0,0.0,148.0,2.0,0.0,2.0,11.0,0.0,11.0,0.053599579611140306,0.0,0.053599579611140306
2018-07-01,69.0,218.0,287.0,53.0,85.0,137.0,5.0,31.0,36.0,7141.0,0.0,7141.0,4469.0,226.0,226.0,0.0,56.0,0.0,56.0,1.0,0.0,1.0,4.0,0.0,4.0,0.04019044951687439,0.0,0.04019044951687439
2018-07-02,242.0,213.0,455.0,184.0,81.0,263.0,4.0,74.0,78.0,11805.0,0.0,11805.0,7036.0,307.0,307.0,0.0,109.0,0.0,109.0,4.0,0.0,4.0,10.0,0.0,10.0,0.03642524354087251,0.0,0.03642524354087251
2018-07-03,191.0,265.0,456.0,148.0,104.0,252.0,5.0,63.0,68.0,6208.0,0.0,6208.0,3545.0,110.0,110.0,0.0,36.0,0.0,36.0,0.0,0.0,0.0,5.0,0.0,5.0,0.024323453608247423,0.0,0.024323453608247423
2018-07-04,157.0,165.0,322.0,86.0,78.0,164.0,3.0,59.0,62.0,3030.0,0.0,3030.0,1787.0,74.0,74.0,0.0,19.0,0.0,19.0,2.0,0.0,2.0,2.0,0.0,2.0,0.032013201320132016,0.0,0.032013201320132016
2018-07-05,194.0,176.0,370.0,145.0,78.0,223.0,5.0,55.0,60.0,3730.0,0.0,3730.0,2284.0,84.0,84.0,0.0,25.0,0.0,25.0,1.0,0.0,1.0,0.0,0.0,0.0,0.029490616621983913,0.0,0.029490616621983913
2018-07-06,163.0,265.0,428.0,128.0,98.0,226.0,5.0,51.0,56.0,8977.0,0.0,8977.0,5609.0,189.0,189.0,0.0,62.0,0.0,62.0,2.0,0.0,2.0,8.0,0.0,8.0,0.029074300991422525,0.0,0.029074300991422525
2018-07-07,91.0,247.0,338.0,67.0,103.0,170.0,1.0,39.0,40.0,11792.0,0.0,11792.0,8173.0,250.0,250.0,0.0,112.0,0.0,112.0,2.0,0.0,2.0,4.0,0.0,4.0,0.031207598371777476,0.0,0.031207598371777476
2018-07-08,54.0,167.0,221.0,43.0,75.0,118.0,0.0,50.0,50.0,7883.0,0.0,7883.0,5474.0,123.0,123.0,0.0,44.0,0.0,44.0,0.0,0.0,0.0,3.0,0.0,3.0,0.02156539388557656,0.0,0.02156539388557656
2018-07-09,230.0,246.0,476.0,170.0,96.0,266.0,2.0,79.0,81.0,10565.0,0.0,10565.0,6949.0,151.0,151.0,0.0,63.0,0.0,63.0,2.0,0.0,2.0,4.0,0.0,4.0,0.02082347373402745,0.0,0.02082347373402745
2018-07-10,261.0,253.0,514.0,177.0,91.0,268.0,5.0,74.0,79.0,5808.0,0.0,5808.0,3495.0,92.0,92.0,0.0,34.0,0.0,34.0,0.0,0.0,0.0,1.0,0.0,1.0,0.021866391184573,0.0,0.021866391184573
2018-07-11,257.0,294.0,551.0,196.0,106.0,300.0,4.0,75.0,79.0,11342.0,0.0,11342.0,6890.0,198.0,198.0,0.0,66.0,0.0,66.0,4.0,0.0,4.0,6.0,0.0,6.0,0.02415799682595662,0.0,0.02415799682595662
2018-07-12,215.0,297.0,512.0,166.0,115.0,279.0,3.0,70.0,73.0,12447.0,0.0,12447.0,7779.0,184.0,184.0,0.0,82.0,0.0,82.0,5.0,0.0,5.0,2.0,0.0,2.0,0.02193299590262714,0.0,0.02193299590262714
2018-07-13,250.0,245.0,495.0,148.0,99.0,247.0,4.0,68.0,72.0,7525.0,0.0,7525.0,4715.0,128.0,128.0,0.0,40.0,0.0,40.0,2.0,0.0,2.0,3.0,0.0,3.0,0.022990033222591362,0.0,0.022990033222591362
2018-07-14,79.0,247.0,326.0,56.0,106.0,158.0,0.0,49.0,49.0,3953.0,0.0,3953.0,2423.0,65.0,65.0,0.0,19.0,0.0,19.0,0.0,0.0,0.0,2.0,0.0,2.0,0.021755628636478622,0.0,0.021755628636478622
2018-07-15,119.0,250.0,369.0,74.0,100.0,173.0,2.0,41.0,43.0,2846.0,0.0,2846.0,1587.0,46.0,46.0,0.0,18.0,0.0,18.0,0.0,0.0,0.0,2.0,0.0,2.0,0.023190442726633873,0.0,0.023190442726633873
2018-07-16,240.0,263.0,503.0,187.0,105.0,291.0,4.0,47.0,51.0,4218.0,0.0,4218.0,2328.0,44.0,44.0,0.0,14.0,0.0,14.0,0.0,0.0,0.0,0.0,0.0,0.0,0.013750592697961118,0.0,0.013750592697961118
2018-07-17,229.0,201.0,430.0,160.0,90.0,249.0,3.0,57.0,60.0,3585.0,0.0,3585.0,1930.0,68.0,68.0,0.0,7.0,0.0,7.0,1.0,0.0,1.0,2.0,0.0,2.0,0.021757322175732216,0.0,0.021757322175732216
2018-07-18,272.0,313.0,585.0,184.0,119.0,302.0,5.0,69.0,74.0,3293.0,0.0,3293.0,1614.0,44.0,44.0,0.0,21.0,0.0,21.0,1.0,0.0,1.0,3.0,0.0,3.0,0.02095353780747039,0.0,0.02095353780747039
2018-07-19,246.0,207.0,453.0,175.0,91.0,266.0,7.0,49.0,56.0,2332.0,0.0,2332.0,1120.0,39.0,39.0,0.0,10.0,0.0,10.0,0.0,0.0,0.0,1.0,0.0,1.0,0.02144082332761578,0.0,0.02144082332761578
2018-07-20,189.0,232.0,421.0,149.0,97.0,246.0,3.0,47.0,50.0,1899.0,0.0,1899.0,896.0,23.0,23.0,0.0,8.0,0.0,8.0,1.0,0.0,1.0,1.0,0.0,1.0,0.017377567140600316,0.0,0.017377567140600316
2018-07-21,93.0,260.0,353.0,61.0,104.0,165.0,1.0,43.0,44.0,1476.0,0.0,1476.0,635.0,29.0,29.0,0.0,7.0,0.0,7.0,7.0,0.0,7.0,0.0,0.0,0.0,0.029132791327913278,0.0,0.029132791327913278
2018-07-22,61.0,182.0,243.0,51.0,79.0,130.0,2.0,35.0,37.0,1441.0,0.0,1441.0,676.0,17.0,17.0,0.0,5.0,0.0,5.0,0.0,0.0,0.0,1.0,0.0,1.0,0.015961138098542677,0.0,0.015961138098542677
2018-07-23,252.0,278.0,530.0,182.0,104.0,285.0,3.0,60.0,63.0,10469.0,0.0,10469.0,6464.0,95.0,95.0,0.0,78.0,0.0,78.0,4.0,0.0,4.0,9.0,0.0,9.0,0.017766739898748687,0.0,0.017766739898748687
2018-07-24,235.0,266.0,501.0,176.0,107.0,283.0,5.0,57.0,62.0,24470.0,0.0,24470.0,16553.0,231.0,231.0,0.0,183.0,0.0,183.0,9.0,0.0,9.0,7.0,0.0,7.0,0.017572537801389457,0.0,0.017572537801389457
2018-07-25,229.0,257.0,486.0,176.0,103.0,279.0,0.0,87.0,87.0,15100.0,0.0,15100.0,10159.0,141.0,141.0,0.0,106.0,0.0,106.0,4.0,0.0,4.0,4.0,0.0,4.0,0.016887417218543047,0.0,0.016887417218543047
2018-07-26,258.0,297.0,555.0,191.0,110.0,301.0,1.0,58.0,59.0,10860.0,0.0,10860.0,7265.0,121.0,121.0,0.0,66.0,0.0,66.0,7.0,0.0,7.0,0.0,0.0,0.0,0.017863720073664824,0.0,0.017863720073664824
2018-07-27,187.0,289.0,476.0,129.0,115.0,244.0,5.0,46.0,51.0,5690.0,0.0,5690.0,3780.0,88.0,88.0,0.0,32.0,0.0,32.0,2.0,0.0,2.0,1.0,0.0,1.0,0.021616871704745168,0.0,0.021616871704745168
2018-07-28,65.0,229.0,294.0,52.0,98.0,150.0,0.0,42.0,42.0,3822.0,0.0,3822.0,2411.0,73.0,73.0,0.0,24.0,0.0,24.0,3.0,0.0,3.0,0.0,0.0,0.0,0.026164311878597593,0.0,0.026164311878597593
2018-07-29,71.0,300.0,371.0,49.0,108.0,156.0,1.0,49.0,50.0,3629.0,0.0,3629.0,2280.0,58.0,58.0,0.0,21.0,0.0,21.0,0.0,0.0,0.0,2.0,0.0,2.0,0.02232019840176357,0.0,0.02232019840176357
2018-07-30,240.0,262.0,502.0,176.0,114.0,290.0,4.0,74.0,78.0,5316.0,0.0,5316.0,3336.0,67.0,67.0,0.0,31.0,0.0,31.0,-3.0,0.0,-3.0,1.0,0.0,1.0,0.01805869074492099,0.0,0.01805869074492099
2018-07-31,303.0,249.0,552.0,200.0,94.0,294.0,6.0,61.0,67.0,17210.0,0.0,17210.0,8690.0,193.0,193.0,0.0,62.0,0.0,62.0,0.0,0.0,0.0,12.0,0.0,12.0,0.015514235909355027,0.0,0.015514235909355027
2018-08-01,197.0,216.0,413.0,141.0,99.0,240.0,4.0,62.0,66.0,16942.0,0.0,16942.0,9125.0,223.0,223.0,0.0,68.0,0.0,68.0,0.0,0.0,0.0,6.0,0.0,6.0,0.017530397827883366,0.0,0.017530397827883366
2018-08-02,233.0,315.0,548.0,177.0,128.0,305.0,1.0,69.0,70.0,12182.0,0.0,12182.0,6740.0,135.0,135.0,0.0,56.0,0.0,56.0,7.0,0.0,7.0,3.0,0.0,3.0,0.01649975373501888,0.0,0.01649975373501888
2018-08-03,182.0,262.0,444.0,146.0,103.0,249.0,3.0,58.0,61.0,7869.0,0.0,7869.0,4442.0,83.0,83.0,0.0,33.0,0.0,33.0,0.0,0.0,0.0,2.0,0.0,2.0,0.014995552166730207,0.0,0.014995552166730207
2018-08-04,70.0,224.0,294.0,55.0,101.0,156.0,0.0,46.0,46.0,3494.0,0.0,3494.0,1908.0,36.0,36.0,0.0,16.0,0.0,16.0,0.0,0.0,0.0,1.0,0.0,1.0,0.015168860904407555,0.0,0.015168860904407555
2018-08-05,81.0,167.0,248.0,59.0,71.0,129.0,3.0,45.0,48.0,3320.0,0.0,3320.0,1847.0,47.0,47.0,0.0,13.0,0.0,13.0,0.0,0.0,0.0,0.0,0.0,0.0,0.018072289156626505,0.0,0.018072289156626505
2018-08-06,238.0,267.0,505.0,169.0,100.0,269.0,4.0,80.0,84.0,14119.0,0.0,14119.0,8669.0,148.0,148.0,0.0,77.0,0.0,77.0,5.0,0.0,5.0,4.0,0.0,4.0,0.016573411714710672,0.0,0.016573411714710672
2018-08-07,297.0,360.0,657.0,205.0,123.0,326.0,10.0,77.0,87.0,14679.0,0.0,14679.0,9282.0,141.0,141.0,0.0,74.0,0.0,74.0,0.0,0.0,0.0,2.0,0.0,2.0,0.014783023366714354,0.0,0.014783023366714354
2018-08-08,230.0,322.0,552.0,178.0,111.0,288.0,6.0,69.0,75.0,9315.0,0.0,9315.0,5807.0,99.0,99.0,0.0,52.0,0.0,52.0,0.0,0.0,0.0,1.0,0.0,1.0,0.016317767042404722,0.0,0.016317767042404722
2018-08-09,271.0,277.0,548.0,199.0,115.0,314.0,5.0,81.0,86.0,6518.0,0.0,6518.0,3789.0,71.0,71.0,0.0,24.0,0.0,24.0,0.0,0.0,0.0,4.0,0.0,4.0,0.015188708192697147,0.0,0.015188708192697147
2018-08-10,185.0,246.0,431.0,140.0,103.0,243.0,6.0,65.0,71.0,4111.0,0.0,4111.0,2260.0,35.0,35.0,0.0,13.0,0.0,13.0,1.0,0.0,1.0,0.0,0.0,0.0,0.011919241060569205,0.0,0.011919241060569205
2018-08-11,105.0,233.0,338.0,64.0,84.0,146.0,5.0,40.0,45.0,2824.0,0.0,2824.0,1583.0,31.0,31.0,0.0,8.0,0.0,8.0,0.0,0.0,0.0,0.0,0.0,0.0,0.013810198300283285,0.0,0.013810198300283285
2018-08-12,91.0,224.0,315.0,66.0,81.0,146.0,3.0,47.0,50.0,2589.0,0.0,2589.0,1462.0,50.0,50.0,0.0,4.0,0.0,4.0,-16.0,0.0,-16.0,2.0,0.0,2.0,0.01544998068752414,0.0,0.01544998068752414
2018-08-13,235.0,319.0,554.0,177.0,110.0,286.0,1.0,82.0,83.0,3752.0,0.0,3752.0,2056.0,31.0,31.0,0.0,13.0,0.0,13.0,0.0,0.0,0.0,1.0,0.0,1.0,0.01199360341151386,0.0,0.01199360341151386
2018-08-14,269.0,276.0,545.0,183.0,115.0,298.0,5.0,63.0,68.0,14202.0,0.0,14202.0,8890.0,333.0,333.0,0.0,38.0,0.0,38.0,6.0,0.0,6.0,1.0,0.0,1.0,0.026615969581749048,0.0,0.026615969581749048
2018-08-15,204.0,305.0,509.0,162.0,127.0,288.0,6.0,83.0,89.0,12832.0,0.0,12832.0,8235.0,350.0,350.0,0.0,36.0,0.0,36.0,0.0,0.0,0.0,6.0,0.0,6.0,0.03054862842892768,0.0,0.03054862842892768
2018-08-16,234.0,255.0,489.0,175.0,97.0,270.0,6.0,70.0,76.0,8663.0,0.0,8663.0,5160.0,208.0,208.0,0.0,18.0,0.0,18.0,1.0,0.0,1.0,2.0,0.0,2.0,0.026434260648736004,0.0,0.026434260648736004
2018-08-17,186.0,255.0,441.0,150.0,101.0,251.0,4.0,79.0,83.0,5583.0,0.0,5583.0,3354.0,135.0,135.0,0.0,14.0,0.0,14.0,2.0,0.0,2.0,3.0,0.0,3.0,0.027583736342468208,0.0,0.027583736342468208
2018-08-18,93.0,324.0,417.0,72.0,106.0,178.0,1.0,55.0,56.0,3254.0,0.0,3254.0,1752.0,54.0,54.0,0.0,6.0,0.0,6.0,0.0,0.0,0.0,0.0,0.0,0.0,0.01843884449907806,0.0,0.01843884449907806
2018-08-19,85.0,255.0,340.0,59.0,84.0,142.0,0.0,53.0,53.0,2791.0,0.0,2791.0,1663.0,40.0,40.0,0.0,11.0,0.0,11.0,3.0,0.0,3.0,1.0,0.0,1.0,0.019706198495163023,0.0,0.019706198495163023
2018-08-20,241.0,279.0,520.0,183.0,105.0,288.0,8.0,94.0,102.0,4552.0,0.0,4552.0,2572.0,75.0,75.0,0.0,13.0,0.0,13.0,0.0,0.0,0.0,0.0,0.0,0.0,0.019332161687170474,0.0,0.019332161687170474
2018-08-21,232.0,290.0,522.0,180.0,90.0,269.0,2.0,67.0,69.0,4199.0,0.0,4199.0,2218.0,63.0,63.0,0.0,9.0,0.0,9.0,0.0,0.0,0.0,0.0,0.0,0.0,0.017146939747558942,0.0,0.017146939747558942
2018-08-22,269.0,242.0,511.0,185.0,92.0,277.0,2.0,75.0,77.0,3485.0,0.0,3485.0,1632.0,59.0,59.0,0.0,9.0,0.0,9.0,0.0,0.0,0.0,0.0,0.0,0.0,0.01951219512195122,0.0,0.01951219512195122
2018-08-23,265.0,270.0,535.0,201.0,94.0,294.0,5.0,89.0,94.0,2926.0,0.0,2926.0,1419.0,58.0,58.0,0.0,8.0,0.0,8.0,-1.0,0.0,-1.0,1.0,0.0,1.0,0.022556390977443608,0.0,0.022556390977443608
2018-08-24,209.0,338.0,547.0,159.0,102.0,260.0,2.0,65.0,67.0,2108.0,0.0,2108.0,1046.0,32.0,32.0,0.0,7.0,0.0,7.0,0.0,0.0,0.0,0.0,0.0,0.0,0.018500948766603416,0.0,0.018500948766603416
2018-08-25,86.0,277.0,363.0,55.0,92.0,147.0,3.0,50.0,53.0,1712.0,0.0,1712.0,789.0,49.0,49.0,0.0,1.0,0.0,1.0,0.0,0.0,0.0,0.0,0.0,0.0,0.029205607476635514,0.0,0.029205607476635514
2018-08-26,86.0,251.0,337.0,64.0,78.0,142.0,0.0,74.0,74.0,1412.0,0.0,1412.0,686.0,20.0,20.0,0.0,2.0,0.0,2.0,0.0,0.0,0.0,0.0,0.0,0.0,0.015580736543909348,0.0,0.015580736543909348
2018-08-27,263.0,389.0,652.0,210.0,117.0,327.0,4.0,79.0,83.0,2117.0,0.0,2117.0,1058.0,21.0,21.0,0.0,3.0,0.0,3.0,0.0,0.0,0.0,0.0,0.0,0.0,0.011336797354747285,0.0,0.011336797354747285
2018-08-28,290.0,303.0,593.0,197.0,97.0,293.0,2.0,100.0,102.0,2504.0,0.0,2504.0,1280.0,44.0,44.0,0.0,8.0,0.0,8.0,0.0,0.0,0.0,1.0,0.0,1.0,0.021166134185303515,0.0,0.021166134185303515
2018-08-29,328.0,351.0,679.0,225.0,117.0,342.0,2.0,108.0,110.0,8158.0,0.0,8158.0,4921.0,77.0,77.0,0.0,15.0,0.0,15.0,0.0,0.0,0.0,1.0,0.0,1.0,0.011399852905123804,0.0,0.011399852905123804
2018-08-30,270.0,407.0,677.0,202.0,138.0,339.0,3.0,93.0,96.0,9477.0,141.0,9618.0,6153.0,108.0,110.0,2.0,18.0,0.0,18.0,0.0,0.0,0.0,2.0,0.0,2.0,0.013506383876754248,0.014184397163120567,0.027690781039874816
2018-08-31,184.0,275.0,459.0,143.0,96.0,238.0,2.0,65.0,67.0,5239.0,930.0,6169.0,3407.0,61.0,76.0,15.0,5.0,2.0,7.0,0.0,0.0,0.0,0.0,0.0,0.0,0.012597824012216072,0.01827956989247312,0.03087739390468919
2018-09-01,90.0,283.0,373.0,71.0,95.0,166.0,1.0,38.0,39.0,3183.0,795.0,3978.0,1996.0,41.0,56.0,15.0,7.0,3.0,10.0,1.0,0.0,1.0,1.0,0.0,1.0,0.015708451146716932,0.022641509433962263,0.038349960580679195
2018-09-02,79.0,266.0,345.0,58.0,87.0,144.0,2.0,53.0,55.0,2010.0,666.0,2676.0,1234.0,33.0,45.0,12.0,2.0,4.0,6.0,0.0,0.0,0.0,0.0,0.0,0.0,0.017412935323383085,0.024024024024024024,0.04143695934740711
2018-09-03,118.0,257.0,375.0,101.0,94.0,195.0,5.0,71.0,76.0,2846.0,870.0,3716.0,1716.0,35.0,49.0,14.0,3.0,4.0,7.0,0.0,0.0,0.0,-1.0,0.0,-1.0,0.013000702740688685,0.022988505747126436,0.03598920848781512
2018-09-04,290.0,263.0,553.0,214.0,86.0,299.0,2.0,168.0,170.0,3609.0,474.0,4083.0,2249.0,35.0,51.0,16.0,8.0,0.0,8.0,0.0,0.0,0.0,0.0,0.0,0.0,0.011914657799944583,0.03375527426160337,0.04566993206154796
2018-09-05,292.0,347.0,639.0,210.0,105.0,315.0,8.0,109.0,117.0,3351.0,1074.0,4425.0,1872.0,38.0,51.0,13.0,2.0,4.0,6.0,0.0,0.0,0.0,0.0,1.0,1.0,0.011936735302894658,0.01675977653631285,0.028696511839207507
2018-09-06,288.0,321.0,609.0,221.0,128.0,349.0,4.0,113.0,117.0,2512.0,1291.0,3803.0,1404.0,32.0,41.0,9.0,1.0,1.0,2.0,0.0,0.0,0.0,1.0,0.0,1.0,0.013535031847133758,0.0077459333849728895,0.02128096523210665
2018-09-07,259.0,406.0,665.0,183.0,125.0,307.0,3.0,69.0,72.0,10526.0,905.0,11431.0,7027.0,240.0,252.0,12.0,28.0,1.0,29.0,1.0,0.0,1.0,2.0,0.0,2.0,0.025745772373171195,0.014364640883977901,0.0401104132571491
2018-09-08,120.0,332.0,452.0,88.0,108.0,196.0,2.0,51.0,53.0,7118.0,979.0,8097.0,4502.0,193.0,202.0,9.0,16.0,2.0,18.0,0.0,0.0,0.0,2.0,0.0,2.0,0.02964315819050295,0.011235955056179775,0.040879113246682725
2018-09-09,92.0,310.0,402.0,71.0,91.0,161.0,4.0,47.0,51.0,5132.0,706.0,5838.0,3312.0,113.0,119.0,6.0,12.0,2.0,14.0,0.0,0.0,0.0,0.0,0.0,0.0,0.02435697583787997,0.0113314447592068,0.03568842059708677
2018-09-10,246.0,369.0,615.0,196.0,130.0,325.0,4.0,97.0,101.0,17990.0,985.0,18975.0,11176.0,268.0,275.0,7.0,41.0,0.0,41.0,2.0,0.0,2.0,7.0,0.0,7.0,0.017676486937187326,0.007106598984771574,0.0247830859219589
2018-09-11,289.0,331.0,620.0,210.0,106.0,315.0,1.0,90.0,91.0,25465.0,317.0,25782.0,12820.0,225.0,228.0,3.0,65.0,0.0,65.0,5.0,0.0,5.0,3.0,0.0,3.0,0.011702336540349498,0.00946372239747634,0.02116605893782584
2018-09-12,306.0,474.0,780.0,230.0,137.0,364.0,2.0,97.0,99.0,24443.0,358.0,24801.0,11521.0,225.0,230.0,5.0,53.0,3.0,56.0,3.0,0.0,3.0,3.0,0.0,3.0,0.011618868387677454,0.0223463687150838,0.03396523710276125
2018-09-13,263.0,336.0,599.0,210.0,126.0,336.0,6.0,85.0,91.0,17075.0,398.0,17473.0,8175.0,150.0,154.0,4.0,12.0,0.0,12.0,0.0,0.0,0.0,1.0,0.0,1.0,0.009546120058565154,0.010050251256281407,0.01959637131484656
2018-09-14,211.0,314.0,525.0,167.0,99.0,266.0,2.0,53.0,55.0,15906.0,337.0,16243.0,7798.0,385.0,387.0,2.0,153.0,0.0,153.0,6.0,0.0,6.0,15.0,0.0,15.0,0.03514397082861813,0.005934718100890208,0.041078688929508334
2018-09-15,96.0,308.0,404.0,76.0,112.0,188.0,3.0,43.0,46.0,18898.0,260.0,19158.0,10160.0,869.0,877.0,8.0,387.0,0.0,387.0,9.0,0.0,9.0,34.0,0.0,34.0,0.06873743253254312,0.03076923076923077,0.09950666330177389
2018-09-16,94.0,316.0,410.0,71.0,98.0,168.0,2.0,53.0,55.0,13817.0,234.0,14051.0,7230.0,601.0,605.0,4.0,208.0,0.0,208.0,5.0,0.0,5.0,16.0,0.0,16.0,0.060070927118766736,0.017094017094017096,0.07716494421278383
2018-09-17,303.0,296.0,599.0,222.0,106.0,328.0,3.0,84.0,87.0,19712.0,291.0,20003.0,10522.0,624.0,626.0,2.0,229.0,0.0,229.0,4.0,0.0,4.0,24.0,0.0,24.0,0.044693587662337664,0.006872852233676976,0.05156643989601464
2018-09-18,277.0,378.0,655.0,198.0,120.0,318.0,3.0,94.0,97.0,13428.0,289.0,13717.0,6590.0,321.0,325.0,4.0,117.0,0.0,117.0,2.0,0.0,2.0,10.0,0.0,10.0,0.03351206434316354,0.01384083044982699,0.04735289479299053
2018-09-19,311.0,374.0,685.0,204.0,119.0,321.0,2.0,85.0,87.0,10316.0,315.0,10631.0,5556.0,211.0,215.0,4.0,75.0,1.0,76.0,1.0,0.0,1.0,3.0,0.0,3.0,0.02811167119038387,0.015873015873015872,0.04398468706339974
2018-09-20,286.0,323.0,609.0,213.0,103.0,314.0,2.0,97.0,99.0,14257.0,227.0,14484.0,8483.0,207.0,210.0,3.0,121.0,0.0,121.0,2.0,0.0,2.0,14.0,0.0,14.0,0.024128498281545906,0.013215859030837005,0.03734435731238291
2018-09-21,199.0,268.0,467.0,157.0,86.0,242.0,0.0,55.0,55.0,11224.0,293.0,11517.0,6711.0,177.0,179.0,2.0,82.0,0.0,82.0,2.0,0.0,2.0,2.0,0.0,2.0,0.02343193157519601,0.006825938566552901,0.03025787014174891
2018-09-22,98.0,288.0,386.0,70.0,113.0,181.0,4.0,46.0,50.0,6401.0,208.0,6609.0,3797.0,90.0,92.0,2.0,59.0,0.0,59.0,1.0,0.0,1.0,2.0,0.0,2.0,0.0237462896422434,0.009615384615384616,0.03336167425762802
2018-09-23,96.0,244.0,340.0,64.0,93.0,157.0,0.0,56.0,56.0,5982.0,199.0,6181.0,3311.0,84.0,86.0,2.0,43.0,1.0,44.0,0.0,0.0,0.0,1.0,0.0,1.0,0.021397525911066532,0.01507537688442211,0.03647290279548864
2018-09-24,266.0,336.0,602.0,208.0,117.0,322.0,3.0,84.0,87.0,8273.0,257.0,8530.0,4397.0,116.0,119.0,3.0,36.0,0.0,36.0,1.0,0.0,1.0,4.0,0.0,4.0,0.018977396349570894,0.011673151750972763,0.030650548100543656
2018-09-25,384.0,431.0,815.0,269.0,122.0,390.0,4.0,116.0,120.0,15896.0,275.0,16171.0,8801.0,274.0,278.0,4.0,74.0,2.0,76.0,2.0,0.0,2.0,10.0,0.0,10.0,0.02264720684448918,0.025454545454545455,0.048101752299034635
2018-09-26,327.0,500.0,827.0,240.0,138.0,374.0,6.0,96.0,102.0,16136.0,305.0,16441.0,9132.0,265.0,270.0,5.0,66.0,0.0,66.0,1.0,0.0,1.0,4.0,0.0,4.0,0.020823004462072386,0.022950819672131147,0.04377382413420353
2018-09-27,279.0,399.0,678.0,202.0,127.0,327.0,4.0,68.0,72.0,11238.0,297.0,11535.0,5748.0,200.0,200.0,0.0,51.0,0.0,51.0,4.0,0.0,4.0,2.0,0.0,2.0,0.022868837871507387,0.0,0.022868837871507387
2018-09-28,223.0,243.0,466.0,172.0,93.0,265.0,4.0,66.0,70.0,14578.0,238.0,14816.0,8354.0,132.0,135.0,3.0,104.0,0.0,104.0,1.0,0.0,1.0,8.0,0.0,8.0,0.016806146247770614,0.012605042016806723,0.029411188264577337
2018-09-29,103.0,342.0,445.0,81.0,104.0,185.0,1.0,65.0,66.0,12173.0,226.0,12399.0,7172.0,110.0,113.0,3.0,102.0,0.0,102.0,0.0,0.0,0.0,5.0,0.0,5.0,0.017826336975273145,0.01327433628318584,0.031100673258458986
2018-09-30,83.0,184.0,267.0,66.0,70.0,136.0,1.0,52.0,53.0,9722.0,229.0,9951.0,5490.0,107.0,110.0,3.0,58.0,1.0,59.0,2.0,0.0,2.0,7.0,0.0,7.0,0.017897551944044434,0.017467248908296942,0.03536480085234138
2018-10-01,217.0,355.0,572.0,175.0,103.0,276.0,4.0,80.0,84.0,13214.0,322.0,13536.0,7625.0,103.0,106.0,3.0,75.0,0.0,75.0,2.0,0.0,2.0,11.0,0.0,11.0,0.014454366580899046,0.009316770186335404,0.023771136767234448
2018-10-02,262.0,267.0,529.0,207.0,100.0,306.0,1.0,65.0,66.0,10249.0,333.0,10582.0,5379.0,89.0,91.0,2.0,64.0,1.0,65.0,2.0,0.0,2.0,7.0,0.0,7.0,0.015806420138550104,0.009009009009009009,0.02481542914755911
2018-10-03,299.0,371.0,670.0,215.0,115.0,330.0,6.0,74.0,80.0,17802.0,354.0,18156.0,10443.0,211.0,216.0,5.0,69.0,0.0,69.0,2.0,0.0,2.0,3.0,0.0,3.0,0.016009437141894168,0.014124293785310734,0.0301337309272049
2018-10-04,240.0,363.0,603.0,162.0,127.0,289.0,0.0,60.0,60.0,17800.0,298.0,18098.0,9478.0,157.0,158.0,1.0,156.0,0.0,156.0,6.0,0.0,6.0,17.0,0.0,17.0,0.01887640449438202,0.003355704697986577,0.022232109192368597
2018-10-05,236.0,368.0,604.0,167.0,106.0,273.0,4.0,41.0,45.0,17490.0,277.0,17767.0,9262.0,170.0,172.0,2.0,136.0,0.0,136.0,4.0,0.0,4.0,7.0,0.0,7.0,0.01812464265294454,0.007220216606498195,0.025344859259442735
2018-10-06,80.0,333.0,413.0,62.0,104.0,166.0,0.0,45.0,45.0,11122.0,232.0,11354.0,5996.0,129.0,130.0,1.0,81.0,1.0,82.0,7.0,0.0,7.0,7.0,0.0,7.0,0.020140262542708145,0.008620689655172414,0.02876095219788056
2018-10-07,88.0,239.0,327.0,65.0,75.0,139.0,3.0,40.0,43.0,8798.0,227.0,9025.0,4812.0,95.0,97.0,2.0,55.0,0.0,55.0,0.0,0.0,0.0,8.0,0.0,8.0,0.01795862696067288,0.00881057268722467,0.02676919964789755
2018-10-08,265.0,365.0,630.0,197.0,107.0,303.0,4.0,58.0,62.0,11883.0,270.0,12153.0,6337.0,103.0,105.0,2.0,80.0,0.0,80.0,4.0,0.0,4.0,4.0,0.0,4.0,0.016073382142556592,0.011111111111111112,0.027184493253667702
2018-10-09,263.0,389.0,652.0,193.0,112.0,305.0,3.0,89.0,92.0,13427.0,4866.0,18293.0,7117.0,160.0,196.0,36.0,130.0,6.0,136.0,2.0,2.0,4.0,6.0,0.0,6.0,0.022194086542042153,0.009453349773941636,0.03164743631598379
2018-10-10,306.0,413.0,719.0,242.0,122.0,364.0,8.0,45.0,53.0,25137.0,3071.0,28208.0,12014.0,289.0,300.0,11.0,243.0,1.0,244.0,11.0,0.0,11.0,17.0,0.0,17.0,0.02227791701475912,0.0039075219798111365,0.026185438994570254
2018-10-11,298.0,351.0,649.0,231.0,108.0,338.0,7.0,83.0,90.0,20060.0,4863.0,24923.0,9610.0,256.0,281.0,25.0,213.0,5.0,218.0,3.0,2.0,5.0,19.0,0.0,19.0,0.024476570289132603,0.0076084721365412295,0.03208504242567383
2018-10-12,263.0,394.0,657.0,194.0,127.0,318.0,4.0,61.0,65.0,18034.0,10832.0,28866.0,9378.0,304.0,346.0,42.0,227.0,9.0,236.0,8.0,0.0,8.0,30.0,1.0,31.0,0.03155151380725297,0.0048005908419497785,0.03635210464920275
2018-10-13,101.0,382.0,483.0,69.0,122.0,191.0,3.0,40.0,43.0,8888.0,10073.0,18961.0,4435.0,167.0,215.0,48.0,93.0,14.0,107.0,3.0,1.0,4.0,14.0,0.0,14.0,0.031165616561656166,0.006552169165094808,0.037717785726750976
2018-10-14,63.0,407.0,470.0,56.0,115.0,171.0,3.0,39.0,42.0,7687.0,6166.0,13853.0,3766.0,117.0,141.0,24.0,68.0,9.0,77.0,2.0,0.0,2.0,13.0,3.0,16.0,0.02601795238714713,0.006325008108984755,0.03234296049613189
2018-10-15,267.0,373.0,640.0,216.0,118.0,331.0,3.0,93.0,96.0,17335.0,9512.0,26847.0,9179.0,113.0,149.0,36.0,112.0,13.0,125.0,3.0,1.0,4.0,7.0,1.0,8.0,0.013556388808768388,0.0057821698906644235,0.019338558699432812
2018-10-16,354.0,371.0,725.0,252.0,116.0,367.0,3.0,121.0,124.0,22085.0,8211.0,30296.0,11958.0,168.0,210.0,42.0,148.0,9.0,157.0,6.0,0.0,6.0,9.0,1.0,10.0,0.014987548109576636,0.0068201193520886615,0.0218076674616653
2018-10-17,287.0,375.0,662.0,212.0,116.0,328.0,6.0,147.0,153.0,15529.0,392.0,15921.0,8009.0,108.0,113.0,5.0,94.0,2.0,96.0,0.0,0.0,0.0,10.0,0.0,10.0,0.013651877133105802,0.017857142857142856,0.03150901999024866
2018-10-18,275.0,379.0,654.0,212.0,123.0,334.0,2.0,135.0,137.0,16907.0,284.0,17191.0,8554.0,126.0,131.0,5.0,113.0,0.0,113.0,6.0,0.0,6.0,6.0,0.0,6.0,0.01484592180753534,0.017605633802816902,0.03245155561035224
2018-10-19,223.0,351.0,574.0,164.0,94.0,258.0,5.0,104.0,109.0,19587.0,323.0,19910.0,10444.0,118.0,120.0,2.0,128.0,0.0,128.0,-1.0,0.0,-1.0,3.0,0.0,3.0,0.012661459131056313,0.006191950464396285,0.0188534095954526
2018-10-20,94.0,286.0,380.0,74.0,94.0,168.0,2.0,32.0,34.0,9892.0,244.0,10136.0,5267.0,88.0,92.0,4.0,67.0,1.0,68.0,2.0,0.0,2.0,4.0,0.0,4.0,0.016275778406793368,0.02459016393442623,0.0408659423412196
2018-10-21,85.0,353.0,438.0,68.0,108.0,176.0,1.0,42.0,43.0,8894.0,242.0,9136.0,4700.0,64.0,69.0,5.0,56.0,0.0,56.0,3.0,0.0,3.0,0.0,0.0,0.0,0.013829548009894312,0.02066115702479339,0.0344907050346877
2018-10-22,301.0,348.0,649.0,223.0,115.0,338.0,1.0,91.0,92.0,20315.0,234.0,20549.0,10852.0,86.0,91.0,5.0,126.0,1.0,127.0,2.0,0.0,2.0,10.0,0.0,10.0,0.01102633522028058,0.03418803418803419,0.045214369408314775
2018-10-23,288.0,391.0,679.0,224.0,112.0,333.0,1.0,149.0,150.0,23293.0,4614.0,27907.0,12488.0,96.0,108.0,12.0,139.0,2.0,141.0,4.0,0.0,4.0,7.0,0.0,7.0,0.010561112780663719,0.003034243606415258,0.013595356387078976
2018-10-24,244.0,353.0,597.0,193.0,105.0,297.0,4.0,105.0,109.0,15333.0,7114.0,22447.0,8019.0,62.0,81.0,19.0,81.0,3.0,84.0,3.0,1.0,4.0,5.0,0.0,5.0,0.009848040174786408,0.003514197357323587,0.013362237532109996
2018-10-25,265.0,433.0,698.0,202.0,119.0,321.0,11.0,148.0,159.0,17714.0,8245.0,25959.0,9093.0,140.0,170.0,30.0,126.0,9.0,135.0,4.0,0.0,4.0,3.0,0.0,3.0,0.015411538895788642,0.004730139478471801,0.020141678374260442
2018-10-26,218.0,317.0,535.0,173.0,98.0,271.0,0.0,54.0,54.0,13913.0,6927.0,20840.0,7260.0,168.0,189.0,21.0,116.0,9.0,125.0,2.0,0.0,2.0,8.0,0.0,8.0,0.02113131603536261,0.00490832972426736,0.02603964575962997
2018-10-27,83.0,279.0,362.0,70.0,102.0,172.0,2.0,34.0,36.0,8137.0,256.0,8393.0,4208.0,71.0,72.0,1.0,36.0,0.0,36.0,1.0,0.0,1.0,2.0,0.0,2.0,0.013518495760108148,0.00390625,0.01742474576010815
2018-10-28,87.0,224.0,311.0,69.0,74.0,142.0,4.0,33.0,37.0,7405.0,201.0,7606.0,3836.0,61.0,63.0,2.0,37.0,1.0,38.0,1.0,0.0,1.0,2.0,0.0,2.0,0.013639432815665091,0.014925373134328358,0.02856480594999345
2018-10-29,321.0,299.0,620.0,232.0,100.0,330.0,1.0,134.0,135.0,20060.0,272.0,20332.0,10076.0,138.0,139.0,1.0,117.0,0.0,117.0,3.0,0.0,3.0,7.0,0.0,7.0,0.01321036889332004,0.007352941176470588,0.020563310069790626
2018-10-30,291.0,381.0,672.0,225.0,113.0,337.0,6.0,137.0,143.0,19903.0,291.0,20194.0,10106.0,178.0,180.0,2.0,136.0,0.0,136.0,2.0,0.0,2.0,12.0,0.0,12.0,0.016479927649098124,0.006872852233676976,0.0233527798827751
2018-10-31,235.0,293.0,528.0,185.0,83.0,266.0,3.0,114.0,117.0,12466.0,265.0,12731.0,6116.0,125.0,129.0,4.0,63.0,0.0,63.0,1.0,0.0,1.0,5.0,0.0,5.0,0.015562329536338841,0.01509433962264151,0.03065666915898035
2018-11-01,287.0,329.0,616.0,225.0,99.0,323.0,3.0,112.0,115.0,11219.0,179.0,11398.0,5269.0,85.0,88.0,3.0,44.0,0.0,44.0,1.0,0.0,1.0,1.0,0.0,1.0,0.01167662001960959,0.01675977653631285,0.02843639655592244
2018-11-02,189.0,270.0,459.0,152.0,95.0,247.0,3.0,49.0,52.0,14167.0,269.0,14436.0,7706.0,79.0,80.0,1.0,65.0,0.0,65.0,2.0,0.0,2.0,2.0,0.0,2.0,0.010446813016164326,0.0037174721189591076,0.014164285135123434
2018-11-03,77.0,304.0,381.0,61.0,98.0,159.0,5.0,37.0,42.0,10876.0,145.0,11021.0,6073.0,63.0,65.0,2.0,58.0,0.0,58.0,3.0,0.0,3.0,5.0,0.0,5.0,0.0118609783008459,0.013793103448275862,0.02565408174912176
2018-11-04,112.0,313.0,425.0,88.0,76.0,163.0,5.0,44.0,49.0,9387.0,148.0,9535.0,5000.0,67.0,68.0,1.0,38.0,0.0,38.0,2.0,0.0,2.0,2.0,0.0,2.0,0.011611803558112282,0.006756756756756757,0.01836856031486904
2018-11-05,299.0,380.0,679.0,220.0,111.0,330.0,0.0,82.0,82.0,20420.0,217.0,20637.0,10237.0,119.0,121.0,2.0,77.0,0.0,77.0,1.0,0.0,1.0,5.0,0.0,5.0,0.009892262487757101,0.009216589861751152,0.01910885234950825
2018-11-06,321.0,406.0,727.0,225.0,115.0,338.0,0.0,90.0,90.0,20831.0,227.0,21058.0,10352.0,152.0,155.0,3.0,65.0,2.0,67.0,0.0,0.0,0.0,4.0,0.0,4.0,0.010609188229081657,0.022026431718061675,0.032635619947143334
2018-11-07,298.0,171.0,469.0,215.0,60.0,275.0,0.0,76.0,76.0,13294.0,196.0,13490.0,6343.0,76.0,77.0,1.0,28.0,0.0,28.0,-2.0,0.0,-2.0,0.0,0.0,0.0,0.0076726342710997444,0.00510204081632653,0.012774675087426274
2018-11-08,271.0,378.0,649.0,203.0,114.0,316.0,0.0,82.0,82.0,16535.0,0.0,16535.0,7882.0,129.0,129.0,0.0,85.0,0.0,85.0,18.0,0.0,18.0,5.0,0.0,5.0,0.014333232537042637,0.0,0.014333232537042637
2018-11-09,241.0,382.0,623.0,187.0,136.0,322.0,0.0,42.0,42.0,13769.0,0.0,13769.0,6921.0,84.0,84.0,0.0,57.0,0.0,57.0,4.0,0.0,4.0,5.0,0.0,5.0,0.010894037330234585,0.0,0.010894037330234585
2018-11-10,106.0,354.0,460.0,78.0,97.0,175.0,0.0,33.0,33.0,7340.0,0.0,7340.0,3527.0,71.0,71.0,0.0,39.0,0.0,39.0,3.0,0.0,3.0,1.0,0.0,1.0,0.01553133514986376,0.0,0.01553133514986376
2018-11-11,116.0,300.0,416.0,77.0,84.0,161.0,0.0,46.0,46.0,6965.0,0.0,6965.0,3202.0,55.0,55.0,0.0,20.0,0.0,20.0,1.0,0.0,1.0,1.0,0.0,1.0,0.011055276381909548,0.0,0.011055276381909548
2018-11-12,314.0,363.0,677.0,215.0,118.0,332.0,0.0,61.0,61.0,13115.0,0.0,13115.0,6350.0,83.0,83.0,0.0,57.0,0.0,57.0,0.0,0.0,0.0,5.0,0.0,5.0,0.01105604269919939,0.0,0.01105604269919939
2018-11-13,374.0,247.0,621.0,253.0,83.0,336.0,0.0,70.0,70.0,14216.0,0.0,14216.0,7016.0,91.0,91.0,0.0,69.0,0.0,69.0,1.0,0.0,1.0,2.0,0.0,2.0,0.01146595385481148,0.0,0.01146595385481148
2018-11-14,337.0,328.0,665.0,212.0,72.0,284.0,0.0,106.0,106.0,20798.0,0.0,20798.0,9201.0,196.0,196.0,0.0,98.0,0.0,98.0,2.0,0.0,2.0,6.0,0.0,6.0,0.014520626983363785,0.0,0.014520626983363785
2018-11-15,481.0,280.0,761.0,287.0,102.0,388.0,0.0,63.0,63.0,18573.0,0.0,18573.0,8638.0,141.0,141.0,0.0,98.0,0.0,98.0,1.0,0.0,1.0,2.0,0.0,2.0,0.013029666720508265,0.0,0.013029666720508265
2018-11-16,267.0,283.0,550.0,180.0,100.0,279.0,0.0,44.0,44.0,11627.0,0.0,11627.0,5330.0,86.0,86.0,0.0,43.0,0.0,43.0,0.0,0.0,0.0,2.0,0.0,2.0,0.011266878816547692,0.0,0.011266878816547692
2018-11-17,75.0,281.0,356.0,61.0,103.0,164.0,0.0,31.0,31.0,6878.0,0.0,6878.0,3227.0,50.0,50.0,0.0,34.0,0.0,34.0,1.0,0.0,1.0,2.0,0.0,2.0,0.012649025879616168,0.0,0.012649025879616168
2018-11-18,80.0,199.0,279.0,56.0,76.0,132.0,0.0,20.0,20.0,5529.0,0.0,5529.0,2559.0,45.0,45.0,0.0,14.0,0.0,14.0,0.0,0.0,0.0,0.0,0.0,0.0,0.01067100741544583,0.0,0.01067100741544583
2018-11-19,204.0,234.0,438.0,148.0,78.0,225.0,0.0,57.0,57.0,8389.0,0.0,8389.0,3727.0,67.0,67.0,0.0,28.0,0.0,28.0,1.0,0.0,1.0,0.0,0.0,0.0,0.011443557038979616,0.0,0.011443557038979616
2018-11-20,198.0,201.0,399.0,152.0,67.0,219.0,0.0,38.0,38.0,13351.0,0.0,13351.0,6708.0,80.0,80.0,0.0,74.0,0.0,74.0,2.0,0.0,2.0,8.0,0.0,8.0,0.012283724065613063,0.0,0.012283724065613063
2018-11-21,145.0,187.0,332.0,98.0,59.0,157.0,0.0,20.0,20.0,10683.0,0.0,10683.0,5641.0,69.0,69.0,0.0,49.0,0.0,49.0,-6.0,0.0,-6.0,6.0,0.0,6.0,0.011045586445754938,0.0,0.011045586445754938
2018-11-22,84.0,173.0,257.0,62.0,59.0,120.0,0.0,39.0,39.0,6523.0,0.0,6523.0,3121.0,63.0,63.0,0.0,34.0,0.0,34.0,1.0,0.0,1.0,2.0,0.0,2.0,0.015330369461904032,0.0,0.015330369461904032
2018-11-23,98.0,227.0,325.0,78.0,61.0,138.0,0.0,30.0,30.0,6193.0,0.0,6193.0,2988.0,64.0,64.0,0.0,39.0,0.0,39.0,2.0,0.0,2.0,3.0,0.0,3.0,0.017439044082028097,0.0,0.017439044082028097
2018-11-24,60.0,296.0,356.0,52.0,72.0,124.0,0.0,28.0,28.0,5760.0,0.0,5760.0,2572.0,50.0,50.0,0.0,18.0,0.0,18.0,2.0,0.0,2.0,0.0,0.0,0.0,0.012152777777777778,0.0,0.012152777777777778
2018-11-25,65.0,247.0,312.0,52.0,60.0,112.0,0.0,40.0,40.0,5514.0,0.0,5514.0,2675.0,47.0,47.0,0.0,20.0,0.0,20.0,0.0,0.0,0.0,3.0,0.0,3.0,0.012694958287994197,0.0,0.012694958287994197
2018-11-26,349.0,249.0,598.0,242.0,70.0,311.0,0.0,38.0,38.0,8920.0,0.0,8920.0,4144.0,71.0,71.0,0.0,16.0,0.0,16.0,0.0,0.0,0.0,2.0,0.0,2.0,0.009977578475336323,0.0,0.009977578475336323
2018-11-27,345.0,287.0,632.0,230.0,84.0,311.0,0.0,65.0,65.0,11975.0,0.0,11975.0,5872.0,68.0,68.0,0.0,40.0,0.0,40.0,0.0,0.0,0.0,1.0,0.0,1.0,0.009102296450939457,0.0,0.009102296450939457
2018-11-28,400.0,205.0,605.0,253.0,62.0,314.0,0.0,61.0,61.0,17502.0,0.0,17502.0,7872.0,148.0,148.0,0.0,79.0,0.0,79.0,-5.0,0.0,-5.0,3.0,0.0,3.0,0.012855673637298594,0.0,0.012855673637298594
2018-11-29,333.0,330.0,663.0,212.0,81.0,293.0,0.0,14.0,14.0,15043.0,0.0,15043.0,6729.0,134.0,134.0,0.0,80.0,0.0,80.0,3.0,0.0,3.0,4.0,0.0,4.0,0.014691218506946753,0.0,0.014691218506946753
2018-11-30,205.0,244.0,449.0,159.0,80.0,239.0,0.0,18.0,18.0,19903.0,0.0,19903.0,9438.0,219.0,219.0,0.0,113.0,0.0,113.0,2.0,0.0,2.0,5.0,0.0,5.0,0.017032608149525195,0.0,0.017032608149525195
2018-12-01,113.0,253.0,366.0,80.0,82.0,162.0,0.0,-77.0,-77.0,14258.0,0.0,14258.0,6975.0,130.0,130.0,0.0,86.0,0.0,86.0,5.0,0.0,5.0,3.0,0.0,3.0,0.015710478327956235,0.0,0.015710478327956235
2018-12-02,112.0,225.0,337.0,81.0,74.0,154.0,0.0,-80.0,-80.0,10563.0,0.0,10563.0,5116.0,87.0,87.0,0.0,43.0,0.0,43.0,1.0,0.0,1.0,7.0,0.0,7.0,0.013064470320931554,0.0,0.013064470320931554
2018-12-03,239.0,198.0,437.0,171.0,77.0,248.0,0.0,-72.0,-72.0,13599.0,0.0,13599.0,6459.0,122.0,122.0,0.0,56.0,0.0,56.0,0.0,0.0,0.0,6.0,0.0,6.0,0.013530406647547615,0.0,0.013530406647547615
2018-12-04,236.0,226.0,462.0,180.0,73.0,253.0,0.0,-12.0,-12.0,12424.0,0.0,12424.0,5750.0,86.0,86.0,0.0,55.0,0.0,55.0,0.0,0.0,0.0,2.0,0.0,2.0,0.011509980682549903,0.0,0.011509980682549903
2018-12-05,329.0,197.0,526.0,219.0,70.0,287.0,0.0,-34.0,-34.0,17196.0,0.0,17196.0,8783.0,302.0,302.0,0.0,92.0,0.0,92.0,1.0,0.0,1.0,5.0,0.0,5.0,0.023261223540358224,0.0,0.023261223540358224
2018-12-06,194.0,225.0,419.0,155.0,82.0,235.0,0.0,-24.0,-24.0,19472.0,0.0,19472.0,10262.0,278.0,278.0,0.0,110.0,0.0,110.0,4.0,0.0,4.0,4.0,0.0,4.0,0.020336894001643385,0.0,0.020336894001643385
2018-12-07,194.0,169.0,363.0,148.0,65.0,213.0,0.0,-52.0,-52.0,16529.0,0.0,16529.0,8549.0,215.0,215.0,0.0,84.0,0.0,84.0,5.0,0.0,5.0,1.0,0.0,1.0,0.018452416964123662,0.0,0.018452416964123662
2018-12-08,100.0,225.0,325.0,77.0,85.0,162.0,0.0,-80.0,-80.0,12086.0,0.0,12086.0,6287.0,212.0,212.0,0.0,98.0,0.0,98.0,3.0,0.0,3.0,5.0,0.0,5.0,0.02631143471785537,0.0,0.02631143471785537
2018-12-09,53.0,191.0,244.0,44.0,62.0,106.0,0.0,-63.0,-63.0,9282.0,0.0,9282.0,4758.0,109.0,109.0,0.0,58.0,0.0,58.0,0.0,0.0,0.0,2.0,0.0,2.0,0.018207282913165267,0.0,0.018207282913165267
2018-12-10,266.0,220.0,486.0,190.0,76.0,265.0,0.0,11.0,11.0,17312.0,0.0,17312.0,9217.0,154.0,154.0,0.0,106.0,0.0,106.0,4.0,0.0,4.0,0.0,0.0,0.0,0.015249537892791128,0.0,0.015249537892791128
2018-12-11,237.0,237.0,474.0,169.0,89.0,256.0,0.0,-16.0,-16.0,20521.0,24.0,20545.0,10464.0,191.0,192.0,1.0,95.0,0.0,95.0,0.0,0.0,0.0,4.0,0.0,4.0,0.014131864918863602,0.041666666666666664,0.05579853158553027
2018-12-12,217.0,298.0,515.0,149.0,89.0,238.0,3.0,-24.0,-21.0,20570.0,118.0,20688.0,10359.0,319.0,323.0,4.0,96.0,4.0,100.0,2.0,0.0,2.0,6.0,0.0,6.0,0.020563928050559066,0.06779661016949153,0.08836053822005059
2018-12-13,241.0,284.0,525.0,162.0,99.0,260.0,1.0,-51.0,-50.0,19968.0,60.0,20028.0,9688.0,400.0,405.0,5.0,126.0,2.0,128.0,2.0,0.0,2.0,0.0,0.0,0.0,0.026442307692307692,0.11666666666666667,0.14310897435897435
2018-12-14,163.0,215.0,378.0,120.0,77.0,197.0,1.0,-75.0,-74.0,19784.0,129.0,19913.0,10125.0,211.0,217.0,6.0,132.0,3.0,135.0,3.0,0.0,3.0,18.0,0.0,18.0,0.018398706025070766,0.06976744186046512,0.08816614788553588
2018-12-15,80.0,320.0,400.0,62.0,122.0,183.0,1.0,-105.0,-104.0,15222.0,105.0,15327.0,8138.0,192.0,199.0,7.0,108.0,2.0,110.0,5.0,0.0,5.0,10.0,1.0,11.0,0.020693732755222703,0.09523809523809523,0.11593182799331794
2018-12-16,77.0,192.0,269.0,56.0,82.0,137.0,2.0,-107.0,-105.0,10365.0,106.0,10471.0,5509.0,135.0,140.0,5.0,69.0,4.0,73.0,3.0,0.0,3.0,5.0,0.0,5.0,0.020453449107573563,0.08490566037735849,0.10535910948493205
2018-12-17,206.0,209.0,415.0,139.0,83.0,221.0,0.0,-111.0,-111.0,15573.0,187.0,15760.0,8134.0,172.0,179.0,7.0,69.0,3.0,72.0,7.0,0.0,7.0,6.0,0.0,6.0,0.016310280613883003,0.058823529411764705,0.0751338100256477
2018-12-18,203.0,254.0,457.0,147.0,87.0,233.0,2.0,-63.0,-61.0,22460.0,169.0,22629.0,11714.0,244.0,247.0,3.0,125.0,3.0,128.0,0.0,0.0,0.0,8.0,0.0,8.0,0.01678539626001781,0.03550295857988166,0.052288354839899465
2018-12-19,214.0,237.0,451.0,145.0,94.0,239.0,0.0,-58.0,-58.0,23638.0,184.0,23822.0,13155.0,362.0,365.0,3.0,89.0,2.0,91.0,11.0,0.0,11.0,11.0,0.0,11.0,0.02001015314324393,0.03260869565217391,0.05261884879541784
2018-12-20,208.0,292.0,500.0,155.0,104.0,257.0,0.0,-85.0,-85.0,19865.0,151.0,20016.0,10361.0,281.0,283.0,2.0,107.0,2.0,109.0,2.0,0.0,2.0,8.0,0.0,8.0,0.02003523785552479,0.026490066225165563,0.046525304080690354
2018-12-21,147.0,234.0,381.0,105.0,105.0,209.0,1.0,-84.0,-83.0,18374.0,157.0,18531.0,9310.0,237.0,240.0,3.0,127.0,1.0,128.0,12.0,0.0,12.0,2.0,0.0,2.0,0.02057254816588658,0.025477707006369428,0.046050255172256006
2018-12-22,69.0,197.0,266.0,46.0,88.0,134.0,1.0,-32.0,-31.0,13627.0,144.0,13771.0,7002.0,144.0,150.0,6.0,110.0,6.0,116.0,0.0,0.0,0.0,0.0,0.0,0.0,0.01863946576649299,0.08333333333333333,0.10197279909982632
2018-12-23,54.0,156.0,210.0,37.0,72.0,109.0,1.0,37.0,38.0,12133.0,117.0,12250.0,6301.0,166.0,168.0,2.0,75.0,2.0,77.0,2.0,0.0,2.0,9.0,0.0,9.0,0.020769801368169454,0.03418803418803419,0.05495783555620365
2018-12-24,85.0,183.0,268.0,58.0,68.0,126.0,2.0,21.0,23.0,12762.0,168.0,12930.0,6615.0,164.0,167.0,3.0,97.0,1.0,98.0,2.0,0.0,2.0,1.0,0.0,1.0,0.020686412787964268,0.023809523809523808,0.04449593659748807
2018-12-25,56.0,159.0,215.0,39.0,53.0,91.0,0.0,16.0,16.0,10699.0,102.0,10801.0,5664.0,170.0,171.0,1.0,83.0,0.0,83.0,1.0,0.0,1.0,8.0,0.0,8.0,0.024488269931769325,0.00980392156862745,0.03429219150039678
2018-12-26,113.0,160.0,273.0,84.0,63.0,147.0,1.0,39.0,40.0,20826.0,188.0,21014.0,9430.0,217.0,220.0,3.0,89.0,0.0,89.0,5.0,0.0,5.0,5.0,0.0,5.0,0.015173341016037645,0.015957446808510637,0.031130787824548284
2018-12-27,135.0,263.0,398.0,102.0,90.0,191.0,1.0,30.0,31.0,20145.0,184.0,20329.0,9198.0,223.0,226.0,3.0,101.0,2.0,103.0,1.0,0.0,1.0,2.0,0.0,2.0,0.016232315711094566,0.02717391304347826,0.043406228754572826
2018-12-28,150.0,254.0,404.0,106.0,106.0,211.0,0.0,53.0,53.0,20204.0,149.0,20353.0,9718.0,201.0,204.0,3.0,126.0,2.0,128.0,2.0,0.0,2.0,10.0,0.0,10.0,0.01677885567214413,0.03355704697986577,0.050335902652009906
2018-12-29,77.0,221.0,298.0,51.0,93.0,144.0,1.0,24.0,25.0,15266.0,143.0,15409.0,7785.0,136.0,139.0,3.0,90.0,1.0,91.0,5.0,0.0,5.0,4.0,0.0,4.0,0.01539368531376916,0.027972027972027972,0.043365713285797136
2018-12-30,59.0,222.0,281.0,42.0,92.0,134.0,0.0,27.0,27.0,12328.0,96.0,12424.0,6232.0,127.0,128.0,1.0,73.0,0.0,73.0,2.0,0.0,2.0,5.0,0.0,5.0,0.016791044776119403,0.010416666666666666,0.027207711442786067
2018-12-31,135.0,179.0,314.0,67.0,74.0,140.0,0.0,44.0,44.0,13926.0,152.0,14078.0,6848.0,128.0,134.0,6.0,43.0,0.0,43.0,0.0,0.0,0.0,4.0,0.0,4.0,0.012566422519029154,0.039473684210526314,0.05204010672955547
2019-01-01,40.0,152.0,192.0,33.0,67.0,100.0,0.0,36.0,36.0,9964.0,123.0,10087.0,4626.0,97.0,99.0,2.0,45.0,1.0,46.0,0.0,0.0,0.0,2.0,0.0,2.0,0.014452027298273785,0.024390243902439025,0.03884227120071281
2019-01-02,203.0,209.0,412.0,160.0,85.0,245.0,2.0,36.0,38.0,17409.0,254.0,17663.0,7912.0,148.0,156.0,8.0,63.0,4.0,67.0,2.0,0.0,2.0,6.0,0.0,6.0,0.012579700155092194,0.047244094488188976,0.05982379464328117
2019-01-03,247.0,256.0,503.0,182.0,110.0,292.0,0.0,36.0,36.0,18862.0,190.0,19052.0,8643.0,151.0,152.0,1.0,74.0,1.0,75.0,1.0,0.0,1.0,3.0,0.0,3.0,0.012140812215035521,0.010526315789473684,0.022667128004509207
2019-01-04,215.0,216.0,431.0,163.0,86.0,249.0,0.0,63.0,63.0,18135.0,178.0,18313.0,8906.0,136.0,137.0,1.0,68.0,3.0,71.0,4.0,0.0,4.0,5.0,0.0,5.0,0.01174524400330852,0.02247191011235955,0.03421715411566807
2019-01-05,101.0,203.0,304.0,66.0,91.0,157.0,0.0,50.0,50.0,11973.0,139.0,12112.0,6043.0,102.0,104.0,2.0,50.0,0.0,50.0,1.0,0.0,1.0,2.0,0.0,2.0,0.012945794704752359,0.014388489208633094,0.02733428391338545
2019-01-06,84.0,160.0,244.0,64.0,79.0,142.0,0.0,39.0,39.0,9669.0,138.0,9807.0,4921.0,65.0,67.0,2.0,42.0,0.0,42.0,0.0,0.0,0.0,3.0,0.0,3.0,0.011376564277588168,0.021739130434782608,0.033115694712370775
2019-01-07,228.0,228.0,456.0,154.0,79.0,233.0,0.0,-61.0,-61.0,19192.0,226.0,19418.0,9163.0,209.0,211.0,2.0,122.0,2.0,124.0,3.0,0.0,3.0,7.0,0.0,7.0,0.017767819924968738,0.017699115044247787,0.035466934969216525
2019-01-08,249.0,302.0,551.0,170.0,106.0,276.0,0.0,-70.0,-70.0,22092.0,212.0,22304.0,11234.0,286.0,289.0,3.0,202.0,0.0,202.0,6.0,0.0,6.0,8.0,0.0,8.0,0.022723157704146298,0.014150943396226415,0.036874101100372716
2019-01-09,270.0,273.0,543.0,176.0,109.0,285.0,1.0,-45.0,-44.0,16267.0,197.0,16464.0,7849.0,184.0,186.0,2.0,135.0,2.0,137.0,3.0,0.0,3.0,2.0,0.0,2.0,0.01991762463883937,0.02030456852791878,0.04022219316675815
2019-01-10,291.0,269.0,560.0,194.0,107.0,301.0,0.0,-61.0,-61.0,20944.0,205.0,21149.0,10245.0,294.0,300.0,6.0,281.0,0.0,281.0,16.0,0.0,16.0,23.0,0.0,23.0,0.029316271963330788,0.02926829268292683,0.05858456464625762
2019-01-11,254.0,223.0,477.0,172.0,107.0,279.0,0.0,-81.0,-81.0,37925.0,207.0,38132.0,20620.0,705.0,706.0,1.0,625.0,1.0,626.0,27.0,0.0,27.0,55.0,0.0,55.0,0.0372313777191826,0.00966183574879227,0.04689321346797487
2019-01-12,89.0,204.0,293.0,66.0,92.0,158.0,0.0,-77.0,-77.0,23008.0,143.0,23151.0,12206.0,390.0,391.0,1.0,236.0,0.0,236.0,12.0,0.0,12.0,18.0,0.0,18.0,0.02851182197496523,0.006993006993006993,0.035504828967972225
2019-01-13,88.0,187.0,275.0,62.0,86.0,147.0,0.0,-86.0,-86.0,17867.0,134.0,18001.0,9424.0,314.0,314.0,0.0,189.0,1.0,190.0,7.0,0.0,7.0,16.0,0.0,16.0,0.029439749258409358,0.007462686567164179,0.03690243582557354
2019-01-14,393.0,259.0,652.0,208.0,122.0,330.0,0.0,-93.0,-93.0,26701.0,241.0,26942.0,13654.0,344.0,346.0,2.0,253.0,1.0,254.0,10.0,0.0,10.0,16.0,0.0,16.0,0.02333245945844725,0.012448132780082987,0.03578059223853024
2019-01-15,378.0,276.0,654.0,218.0,107.0,323.0,0.0,36.0,36.0,34200.0,151.0,34351.0,15756.0,600.0,601.0,1.0,398.0,2.0,400.0,12.0,0.0,12.0,22.0,0.0,22.0,0.030175438596491227,0.019867549668874173,0.0500429882653654
2019-01-16,337.0,207.0,544.0,236.0,105.0,341.0,0.0,-26.0,-26.0,24707.0,179.0,24886.0,11524.0,351.0,355.0,4.0,223.0,2.0,225.0,7.0,0.0,7.0,18.0,0.0,18.0,0.02424414133646335,0.0335195530726257,0.057763694409089045
2019-01-17,350.0,291.0,641.0,216.0,115.0,331.0,0.0,-52.0,-52.0,19742.0,191.0,19933.0,9306.0,310.0,311.0,1.0,221.0,0.0,221.0,8.0,0.0,8.0,16.0,0.0,16.0,0.028112653226623444,0.005235602094240838,0.03334825532086428
2019-01-18,313.0,242.0,555.0,196.0,117.0,313.0,0.0,56.0,56.0,18573.0,158.0,18731.0,9210.0,301.0,302.0,1.0,195.0,0.0,195.0,4.0,0.0,4.0,16.0,0.0,16.0,0.027782264577612664,0.012658227848101266,0.04044049242571393
2019-01-19,109.0,171.0,280.0,67.0,86.0,153.0,0.0,30.0,30.0,16340.0,135.0,16475.0,8469.0,256.0,258.0,2.0,152.0,0.0,152.0,3.0,0.0,3.0,8.0,0.0,8.0,0.025642594859241127,0.014814814814814815,0.04045740967405594
2019-01-20,107.0,184.0,291.0,72.0,88.0,159.0,0.0,44.0,44.0,12117.0,123.0,12240.0,6173.0,198.0,201.0,3.0,115.0,0.0,115.0,0.0,0.0,0.0,5.0,0.0,5.0,0.026244119831641495,0.024390243902439025,0.05063436373408052
2019-01-21,228.0,177.0,405.0,157.0,87.0,244.0,0.0,-26.0,-26.0,14928.0,190.0,15118.0,7293.0,203.0,204.0,1.0,116.0,0.0,116.0,8.0,0.0,8.0,8.0,0.0,8.0,0.022441050375133977,0.005263157894736842,0.027704208269870818
2019-01-22,338.0,214.0,552.0,190.0,103.0,293.0,0.0,-24.0,-24.0,14217.0,179.0,14396.0,6609.0,195.0,195.0,0.0,105.0,1.0,106.0,5.0,0.0,5.0,9.0,0.0,9.0,0.02208623478933671,0.00558659217877095,0.02767282696810766
2019-01-23,377.0,209.0,586.0,216.0,94.0,309.0,1.0,-35.0,-34.0,20034.0,181.0,20215.0,10340.0,182.0,184.0,2.0,129.0,0.0,129.0,1.0,0.0,1.0,4.0,0.0,4.0,0.015773185584506338,0.011049723756906077,0.026822909341412415
2019-01-24,363.0,262.0,625.0,212.0,122.0,333.0,1.0,-86.0,-85.0,18250.0,180.0,18430.0,9692.0,143.0,149.0,6.0,120.0,0.0,120.0,2.0,0.0,2.0,11.0,0.0,11.0,0.015123287671232877,0.03888888888888889,0.054012176560121763
2019-01-25,317.0,214.0,531.0,177.0,89.0,265.0,0.0,-76.0,-76.0,17794.0,157.0,17951.0,9131.0,211.0,212.0,1.0,132.0,0.0,132.0,1.0,0.0,1.0,7.0,0.0,7.0,0.019725750252894234,0.006369426751592357,0.02609517700448659
2019-01-26,101.0,229.0,330.0,67.0,99.0,165.0,0.0,-78.0,-78.0,13568.0,128.0,13696.0,6833.0,214.0,216.0,2.0,138.0,0.0,138.0,5.0,0.0,5.0,6.0,0.0,6.0,0.026754127358490566,0.015625,0.042379127358490566
2019-01-27,102.0,201.0,303.0,63.0,82.0,145.0,0.0,-92.0,-92.0,10634.0,134.0,10768.0,5327.0,144.0,145.0,1.0,78.0,0.0,78.0,2.0,0.0,2.0,5.0,0.0,5.0,0.021534700018807598,0.007462686567164179,0.028997386585971778
2019-01-28,360.0,249.0,609.0,200.0,137.0,337.0,1.0,-68.0,-67.0,43717.0,220.0,43937.0,22236.0,2193.0,2197.0,4.0,1085.0,2.0,1087.0,51.0,0.0,51.0,36.0,0.0,36.0,0.07697234485440446,0.02727272727272727,0.10424507212713173
2019-01-29,448.0,305.0,753.0,211.0,156.0,366.0,0.0,34.0,34.0,66752.0,195.0,66947.0,36753.0,2614.0,2615.0,1.0,1127.0,2.0,1129.0,48.0,0.0,48.0,30.0,0.0,30.0,0.05721176893576223,0.015384615384615385,0.07259638432037761
2019-01-30,399.0,303.0,702.0,181.0,142.0,321.0,1.0,-9.0,-8.0,41430.0,226.0,41656.0,22031.0,1271.0,1273.0,2.0,566.0,0.0,566.0,19.0,0.0,19.0,13.0,0.0,13.0,0.04511223750905141,0.008849557522123894,0.053961795031175305
2019-01-31,482.0,297.0,779.0,214.0,135.0,349.0,1.0,63.0,64.0,34409.0,192.0,34601.0,17624.0,844.0,847.0,3.0,390.0,1.0,391.0,19.0,0.0,19.0,13.0,0.0,13.0,0.03679269958441105,0.020833333333333332,0.05762603291774439
2019-02-01,317.0,255.0,572.0,173.0,129.0,300.0,0.0,-22.0,-22.0,23565.0,173.0,23738.0,12118.0,571.0,572.0,1.0,289.0,0.0,289.0,17.0,0.0,17.0,9.0,0.0,9.0,0.03759813282410354,0.005780346820809248,0.04337847964491279
2019-02-02,140.0,260.0,400.0,70.0,106.0,176.0,0.0,-3.0,-3.0,16078.0,172.0,16250.0,8108.0,397.0,398.0,1.0,188.0,1.0,189.0,-1.0,0.0,-1.0,4.0,0.0,4.0,0.03657171289961438,0.011627906976744186,0.04819961987635857
2019-02-03,249.0,234.0,483.0,72.0,106.0,178.0,0.0,53.0,53.0,13452.0,134.0,13586.0,6776.0,381.0,384.0,3.0,162.0,1.0,163.0,8.0,0.0,8.0,2.0,0.0,2.0,0.04110912875408861,0.029850746268656716,0.07095987502274533
2019-02-04,411.0,278.0,689.0,190.0,123.0,313.0,0.0,13.0,13.0,23465.0,204.0,23669.0,12203.0,462.0,464.0,2.0,235.0,0.0,235.0,3.0,0.0,3.0,13.0,0.0,13.0,0.030385680801193266,0.00980392156862745,0.04018960236982072
2019-02-05,403.0,255.0,658.0,215.0,113.0,328.0,0.0,-26.0,-26.0,23558.0,192.0,23750.0,12315.0,422.0,423.0,1.0,273.0,1.0,274.0,12.0,0.0,12.0,7.0,0.0,7.0,0.030308175566686475,0.010416666666666666,0.04072484223335314
2019-02-06,774.0,190.0,964.0,201.0,99.0,299.0,0.0,-26.0,-26.0,27911.0,208.0,28119.0,13496.0,445.0,445.0,0.0,335.0,0.0,335.0,20.0,0.0,20.0,14.0,0.0,14.0,0.02916412883809251,0.0,0.02916412883809251
2019-02-07,817.0,275.0,1092.0,219.0,127.0,343.0,1.0,-60.0,-59.0,42469.0,188.0,42657.0,23770.0,539.0,543.0,4.0,545.0,0.0,545.0,27.0,0.0,27.0,24.0,0.0,24.0,0.026725376156726082,0.02127659574468085,0.04800197190140693
2019-02-08,827.0,310.0,1137.0,184.0,164.0,348.0,0.0,75.0,75.0,30280.0,12555.0,42835.0,18087.0,409.0,505.0,96.0,280.0,15.0,295.0,9.0,0.0,9.0,14.0,0.0,14.0,0.023513870541611626,0.010513739545997611,0.03402761008760924
2019-02-09,278.0,273.0,551.0,91.0,136.0,226.0,0.0,-2.0,-2.0,24481.0,163.0,24644.0,13790.0,394.0,397.0,3.0,206.0,2.0,208.0,6.0,1.0,7.0,14.0,0.0,14.0,0.025325762836485438,0.03680981595092025,0.062135578787405686
2019-02-10,124.0,241.0,365.0,74.0,111.0,185.0,0.0,-54.0,-54.0,16623.0,127.0,16750.0,9315.0,272.0,274.0,2.0,156.0,0.0,156.0,6.0,0.0,6.0,8.0,0.0,8.0,0.02658966492209589,0.015748031496062992,0.042337696418158884
2019-02-11,568.0,227.0,795.0,246.0,119.0,365.0,0.0,-35.0,-35.0,23178.0,6458.0,29636.0,12701.0,265.0,294.0,29.0,180.0,9.0,189.0,3.0,0.0,3.0,5.0,0.0,5.0,0.019544395547501942,0.0066584081759058535,0.026202803723407796
2019-02-12,647.0,335.0,982.0,252.0,181.0,433.0,0.0,22.0,22.0,23139.0,16319.0,39458.0,12515.0,245.0,389.0,144.0,169.0,22.0,191.0,2.0,0.0,2.0,5.0,0.0,5.0,0.018194390423095206,0.010662418040321099,0.028856808463416303
2019-02-13,488.0,323.0,811.0,215.0,169.0,382.0,0.0,65.0,65.0,17972.0,11527.0,29499.0,9357.0,241.0,328.0,87.0,143.0,22.0,165.0,4.0,0.0,4.0,4.0,0.0,4.0,0.021811707099933228,0.010150082415199099,0.03196178951513233
2019-02-14,702.0,363.0,1065.0,227.0,144.0,370.0,0.0,68.0,68.0,13584.0,1820.0,15404.0,6637.0,235.0,251.0,16.0,142.0,4.0,146.0,6.0,0.0,6.0,5.0,0.0,5.0,0.02856301531213192,0.011538461538461539,0.04010147685059346
2019-02-15,483.0,204.0,687.0,200.0,86.0,286.0,1.0,74.0,75.0,16033.0,138.0,16171.0,8155.0,197.0,198.0,1.0,117.0,1.0,118.0,5.0,0.0,5.0,3.0,0.0,3.0,0.020083577621156364,0.014492753623188406,0.03457633124434477
2019-02-16,145.0,177.0,322.0,78.0,94.0,170.0,1.0,45.0,46.0,11662.0,117.0,11779.0,5714.0,166.0,167.0,1.0,71.0,0.0,71.0,2.0,0.0,2.0,3.0,0.0,3.0,0.020751157605899503,0.008547008547008548,0.02929816615290805
2019-02-17,126.0,182.0,308.0,69.0,96.0,164.0,0.0,49.0,49.0,9319.0,117.0,9436.0,4617.0,139.0,139.0,0.0,62.0,1.0,63.0,0.0,0.0,0.0,1.0,0.0,1.0,0.021676145509174804,0.008547008547008548,0.03022315405618335
2019-02-18,645.0,231.0,876.0,230.0,121.0,351.0,0.0,28.0,28.0,17468.0,145.0,17613.0,8615.0,237.0,238.0,1.0,117.0,0.0,117.0,-3.0,0.0,-3.0,14.0,0.0,14.0,0.020895351499885504,0.006896551724137931,0.027791903224023435
2019-02-19,511.0,267.0,778.0,220.0,140.0,358.0,2.0,-12.0,-10.0,26968.0,2444.0,29412.0,13431.0,349.0,357.0,8.0,202.0,5.0,207.0,6.0,0.0,6.0,27.0,1.0,28.0,0.021655295164639574,0.007774140752864157,0.02942943591750373
2019-02-20,585.0,190.0,775.0,230.0,103.0,333.0,0.0,2.0,2.0,26768.0,2419.0,29187.0,13372.0,407.0,413.0,6.0,246.0,4.0,250.0,13.0,0.0,13.0,25.0,0.0,25.0,0.025814405260011955,0.005787515502273667,0.03160192076228562
2019-02-21,525.0,271.0,796.0,219.0,135.0,352.0,0.0,3.0,3.0,23651.0,2307.0,25958.0,11363.0,324.0,334.0,10.0,276.0,0.0,276.0,1.0,0.0,1.0,32.0,0.0,32.0,0.02676419601708173,0.005635023840485479,0.032399219857567205
2019-02-22,404.0,302.0,706.0,172.0,149.0,320.0,0.0,-21.0,-21.0,18600.0,10235.0,28835.0,8607.0,224.0,282.0,58.0,171.0,11.0,182.0,5.0,0.0,5.0,19.0,0.0,19.0,0.022526881720430107,0.007034684904738642,0.029561566625168748
2019-02-23,187.0,367.0,554.0,79.0,178.0,256.0,0.0,-57.0,-57.0,16063.0,13914.0,29977.0,7487.0,145.0,255.0,110.0,101.0,27.0,128.0,0.0,1.0,1.0,5.0,1.0,6.0,0.01562597273236631,0.010421158545350008,0.026047131277716316
2019-02-24,143.0,297.0,440.0,80.0,154.0,234.0,0.0,-43.0,-43.0,11225.0,11720.0,22945.0,5566.0,151.0,229.0,78.0,77.0,13.0,90.0,1.0,0.0,1.0,5.0,0.0,5.0,0.02084632516703786,0.00878839590443686,0.02963472107147472
2019-02-25,414.0,316.0,730.0,202.0,142.0,342.0,0.0,-17.0,-17.0,15441.0,6155.0,21596.0,7222.0,158.0,192.0,34.0,75.0,10.0,85.0,7.0,0.0,7.0,8.0,0.0,8.0,0.01606113593679166,0.008610885458976442,0.0246720213957681
2019-02-26,606.0,219.0,825.0,223.0,109.0,332.0,0.0,-27.0,-27.0,12207.0,4859.0,17066.0,5662.0,113.0,138.0,25.0,69.0,3.0,72.0,-1.0,1.0,0.0,6.0,0.0,6.0,0.015319079216842795,0.007614735542292653,0.022933814759135446
2019-02-27,431.0,230.0,661.0,194.0,108.0,301.0,0.0,-58.0,-58.0,12414.0,7082.0,19496.0,6116.0,131.0,167.0,36.0,61.0,20.0,81.0,2.0,1.0,3.0,4.0,0.0,4.0,0.015949734171097147,0.009884213499011578,0.025833947670108725
2019-02-28,539.0,216.0,755.0,209.0,112.0,320.0,2.0,-9.0,-7.0,13127.0,160.0,13287.0,6662.0,122.0,124.0,2.0,62.0,1.0,63.0,0.0,0.0,0.0,3.0,0.0,3.0,0.014245448312638074,0.01875,0.03299544831263807
2019-03-01,395.0,240.0,635.0,179.0,129.0,307.0,0.0,45.0,45.0,12718.0,23850.0,36568.0,6405.0,105.0,210.0,105.0,73.0,20.0,93.0,1.0,1.0,2.0,6.0,1.0,7.0,0.014546312313256801,0.007337526205450734,0.021883838518707534
2019-03-02,139.0,224.0,363.0,88.0,107.0,194.0,0.0,-66.0,-66.0,13280.0,2243.0,15523.0,7468.0,113.0,124.0,11.0,68.0,3.0,71.0,1.0,0.0,1.0,3.0,0.0,3.0,0.013930722891566265,0.007579135086937138,0.021509857978503404
2019-03-03,215.0,188.0,403.0,94.0,100.0,194.0,0.0,-85.0,-85.0,9541.0,119.0,9660.0,5259.0,71.0,72.0,1.0,41.0,1.0,42.0,1.0,0.0,1.0,2.0,0.0,2.0,0.01205324389476994,0.025210084033613446,0.03726332792838338
2019-03-04,421.0,214.0,635.0,193.0,116.0,308.0,0.0,7.0,7.0,22365.0,7518.0,29883.0,11783.0,385.0,413.0,28.0,172.0,7.0,179.0,2.0,0.0,2.0,14.0,1.0,15.0,0.02562038900067069,0.006118648576749135,0.031739037577419825
2019-03-05,649.0,330.0,979.0,236.0,175.0,407.0,1.0,37.0,38.0,22663.0,22448.0,45111.0,11413.0,381.0,488.0,107.0,163.0,27.0,190.0,0.0,0.0,0.0,15.0,1.0,16.0,0.024665754754445574,0.007172131147540984,0.03183788590198656
2019-03-06,497.0,260.0,757.0,229.0,122.0,348.0,0.0,431.0,431.0,22939.0,11365.0,34304.0,10900.0,314.0,343.0,29.0,134.0,12.0,146.0,2.0,1.0,3.0,7.0,2.0,9.0,0.019922402894633595,0.006071271447426309,0.025993674342059903
2019-03-07,587.0,186.0,773.0,242.0,96.0,337.0,0.0,104.0,104.0,15910.0,18036.0,33946.0,7880.0,186.0,246.0,60.0,93.0,17.0,110.0,4.0,1.0,5.0,5.0,1.0,6.0,0.018101822752985542,0.005988023952095809,0.024089846705081353
2019-03-08,318.0,198.0,516.0,176.0,113.0,287.0,0.0,56.0,56.0,18454.0,18911.0,37365.0,9756.0,129.0,210.0,81.0,131.0,27.0,158.0,1.0,1.0,2.0,11.0,1.0,12.0,0.014739351902026661,0.007720374385278409,0.02245972628730507
2019-03-09,166.0,184.0,350.0,95.0,129.0,223.0,0.0,34.0,34.0,15738.0,19239.0,34977.0,8091.0,137.0,241.0,104.0,81.0,21.0,102.0,0.0,0.0,0.0,12.0,0.0,12.0,0.014614309315033677,0.007640729767659442,0.02225503908269312
2019-03-10,147.0,244.0,391.0,76.0,123.0,198.0,0.0,38.0,38.0,17352.0,12634.0,29986.0,8444.0,266.0,343.0,77.0,102.0,20.0,122.0,10.0,0.0,10.0,5.0,1.0,6.0,0.02207238358690641,0.01044799746715213,0.032520381054058536
2019-03-11,364.0,269.0,633.0,189.0,143.0,332.0,0.0,76.0,76.0,35253.0,12217.0,47470.0,16814.0,409.0,462.0,53.0,239.0,17.0,256.0,11.0,1.0,12.0,23.0,0.0,23.0,0.019345871273366805,0.008185315543914218,0.027531186817281023
2019-03-12,368.0,250.0,618.0,214.0,132.0,345.0,0.0,59.0,59.0,35174.0,12432.0,47606.0,16816.0,624.0,682.0,58.0,429.0,17.0,446.0,17.0,0.0,17.0,33.0,2.0,35.0,0.03135838971967931,0.008928571428571428,0.04028696114825074
2019-03-13,357.0,231.0,588.0,167.0,124.0,291.0,1.0,50.0,51.0,35606.0,12472.0,48078.0,17358.0,543.0,619.0,76.0,360.0,15.0,375.0,18.0,1.0,19.0,35.0,2.0,37.0,0.026849407403246643,0.010824246311738294,0.037673653714984934
2019-03-14,361.0,219.0,580.0,175.0,130.0,305.0,0.0,74.0,74.0,30842.0,12380.0,43222.0,15173.0,365.0,418.0,53.0,324.0,20.0,344.0,11.0,0.0,11.0,46.0,1.0,47.0,0.024187795862784515,0.009369951534733441,0.033557747397517955
2019-03-15,282.0,227.0,509.0,164.0,133.0,297.0,0.0,51.0,51.0,26753.0,8600.0,35353.0,12519.0,348.0,390.0,42.0,244.0,8.0,252.0,23.0,0.0,23.0,25.0,0.0,25.0,0.023922550741972862,0.00872093023255814,0.032643480974531
2019-03-16,181.0,202.0,383.0,73.0,111.0,183.0,0.0,59.0,59.0,17772.0,1412.0,19184.0,8405.0,299.0,307.0,8.0,161.0,2.0,163.0,5.0,0.0,5.0,13.0,0.0,13.0,0.026896241278415486,0.007790368271954674,0.03468660955037016
2019-03-17,128.0,192.0,320.0,64.0,120.0,184.0,0.0,53.0,53.0,14434.0,121.0,14555.0,6903.0,212.0,213.0,1.0,115.0,2.0,117.0,3.0,0.0,3.0,8.0,0.0,8.0,0.023416932243314398,0.06611570247933884,0.08953263472265324
2019-03-18,452.0,210.0,662.0,196.0,125.0,321.0,0.0,74.0,74.0,30166.0,7697.0,37863.0,12945.0,335.0,382.0,47.0,239.0,5.0,244.0,12.0,0.0,12.0,18.0,0.0,18.0,0.02002254193462839,0.009354293880732754,0.029376835815361144
2019-03-19,538.0,231.0,769.0,214.0,158.0,370.0,0.0,191.0,191.0,33329.0,11054.0,44383.0,14990.0,321.0,395.0,74.0,254.0,9.0,263.0,5.0,0.0,5.0,15.0,0.0,15.0,0.017852320801704222,0.00995114890537362,0.02780346970707784
2019-03-20,478.0,216.0,694.0,237.0,131.0,368.0,0.0,114.0,114.0,27746.0,9379.0,37125.0,12872.0,365.0,414.0,49.0,188.0,2.0,190.0,10.0,1.0,11.0,12.0,0.0,12.0,0.02072370792186261,0.011941571596118989,0.0326652795179816
2019-03-21,557.0,250.0,807.0,208.0,131.0,339.0,0.0,173.0,173.0,27490.0,13310.0,40800.0,13293.0,262.0,317.0,55.0,195.0,13.0,208.0,8.0,0.0,8.0,17.0,1.0,18.0,0.017533648599490723,0.01081893313298272,0.028352581732473445
2019-03-22,349.0,251.0,600.0,182.0,136.0,317.0,0.0,124.0,124.0,29014.0,18028.0,47042.0,13719.0,1290.0,1376.0,86.0,202.0,16.0,218.0,2.0,2.0,4.0,4.0,0.0,4.0,0.05163024746674019,0.010982915464832483,0.06261316293157268
2019-03-23,126.0,346.0,472.0,60.0,188.0,248.0,0.0,55.0,55.0,22390.0,16838.0,39228.0,10601.0,814.0,908.0,94.0,125.0,14.0,139.0,6.0,0.0,6.0,6.0,0.0,6.0,0.04247431889236266,0.01187789523696401,0.05435221412932667
2019-03-24,245.0,184.0,429.0,86.0,111.0,196.0,0.0,45.0,45.0,19813.0,15030.0,34843.0,9588.0,511.0,618.0,107.0,127.0,15.0,142.0,4.0,0.0,4.0,12.0,1.0,13.0,0.03300863069701711,0.013572854291417165,0.04658148498843427
2019-03-25,521.0,237.0,758.0,212.0,151.0,362.0,0.0,92.0,92.0,41063.0,12874.0,53937.0,19656.0,809.0,892.0,83.0,582.0,15.0,597.0,21.0,2.0,23.0,22.0,1.0,23.0,0.03492194920000974,0.012661177567189685,0.047583126767199425
2019-03-26,722.0,239.0,961.0,230.0,136.0,362.0,0.0,95.0,95.0,37521.0,12786.0,50307.0,19390.0,549.0,623.0,74.0,401.0,21.0,422.0,7.0,2.0,9.0,12.0,4.0,16.0,0.025825537698888623,0.014781792585640545,0.04060733028452917
2019-03-27,499.0,269.0,768.0,238.0,138.0,373.0,1.0,104.0,105.0,27376.0,11346.0,38722.0,13167.0,364.0,450.0,86.0,204.0,17.0,221.0,4.0,0.0,4.0,14.0,2.0,16.0,0.02140561075394506,0.01621716904635995,0.03762277980030501
2019-03-28,517.0,274.0,791.0,204.0,139.0,342.0,2.0,97.0,99.0,20467.0,10370.0,30837.0,9574.0,290.0,354.0,64.0,168.0,15.0,183.0,3.0,0.0,3.0,8.0,1.0,9.0,0.022914936238823472,0.015525554484088717,0.03844049072291219
2019-03-29,392.0,284.0,676.0,171.0,162.0,333.0,2.0,67.0,69.0,29458.0,18706.0,48164.0,15717.0,351.0,438.0,87.0,444.0,20.0,464.0,27.0,0.0,27.0,50.0,1.0,51.0,0.029601466494670377,0.010584839089062333,0.04018630558373271
2019-03-30,172.0,291.0,463.0,82.0,182.0,263.0,0.0,63.0,63.0,25873.0,16365.0,42238.0,13001.0,328.0,448.0,120.0,302.0,24.0,326.0,13.0,2.0,15.0,14.0,0.0,14.0,0.025393267112433813,0.014482126489459212,0.039875393601893024
2019-03-31,184.0,178.0,362.0,80.0,108.0,187.0,0.0,61.0,61.0,22632.0,6983.0,29615.0,11021.0,283.0,331.0,48.0,180.0,2.0,182.0,4.0,0.0,4.0,11.0,2.0,13.0,0.021120537292329444,0.014177287698696835,0.03529782499102628
2019-04-01,518.0,199.0,717.0,262.0,122.0,382.0,0.0,124.0,124.0,31413.0,10376.0,41789.0,15357.0,266.0,334.0,68.0,255.0,14.0,269.0,15.0,1.0,16.0,20.0,1.0,21.0,0.017699678477063635,0.016287586738627603,0.03398726521569124
2019-04-02,600.0,238.0,838.0,252.0,137.0,388.0,0.0,123.0,123.0,30266.0,10971.0,41237.0,14741.0,274.0,357.0,83.0,245.0,17.0,262.0,7.0,1.0,8.0,15.0,1.0,16.0,0.01787484305821714,0.017409534226597394,0.03528437728481454
2019-04-03,589.0,225.0,814.0,258.0,130.0,388.0,0.0,67.0,67.0,25322.0,8284.0,33606.0,12432.0,229.0,274.0,45.0,189.0,10.0,199.0,3.0,1.0,4.0,14.0,1.0,15.0,0.017178737856409446,0.013761467889908258,0.030940205746317704
2019-04-04,593.0,309.0,902.0,263.0,152.0,413.0,0.0,103.0,103.0,22188.0,11616.0,33804.0,10758.0,238.0,311.0,73.0,180.0,22.0,202.0,7.0,2.0,9.0,7.0,1.0,8.0,0.019469983775013522,0.01756198347107438,0.0370319672460879
2019-04-05,518.0,329.0,847.0,186.0,154.0,339.0,0.0,79.0,79.0,31756.0,8914.0,40670.0,16996.0,336.0,402.0,66.0,457.0,14.0,471.0,35.0,0.0,35.0,64.0,0.0,64.0,0.02808917999748079,0.015256899259591653,0.04334607925707244
2019-04-06,136.0,256.0,392.0,76.0,150.0,225.0,0.0,55.0,55.0,25750.0,7689.0,33439.0,14414.0,440.0,497.0,57.0,304.0,9.0,313.0,8.0,0.0,8.0,30.0,1.0,31.0,0.03036893203883495,0.017557549746390948,0.0479264817852259
2019-04-07,184.0,234.0,418.0,104.0,134.0,238.0,0.0,56.0,56.0,27482.0,7442.0,34924.0,13636.0,523.0,575.0,52.0,268.0,5.0,273.0,3.0,0.0,3.0,15.0,0.0,15.0,0.02943744996725129,0.015049717817790917,0.044487167785042206
2019-04-08,771.0,211.0,982.0,270.0,142.0,409.0,0.0,92.0,92.0,46043.0,10433.0,56476.0,21179.0,791.0,851.0,60.0,373.0,11.0,384.0,20.0,2.0,22.0,31.0,0.0,31.0,0.02638837608322655,0.016773698840218537,0.043162074923445086
2019-04-09,751.0,250.0,1001.0,271.0,149.0,416.0,0.0,90.0,90.0,41465.0,16290.0,57755.0,19219.0,637.0,735.0,98.0,367.0,16.0,383.0,17.0,1.0,18.0,38.0,3.0,41.0,0.025539611720728325,0.01307550644567219,0.038615118166400515
2019-04-10,764.0,337.0,1101.0,291.0,191.0,480.0,0.0,86.0,86.0,34610.0,20712.0,55322.0,16508.0,424.0,571.0,147.0,251.0,35.0,286.0,18.0,0.0,18.0,23.0,3.0,26.0,0.02068766252528171,0.014629200463499421,0.03531686298878113
2019-04-11,578.0,249.0,827.0,212.0,136.0,345.0,1.0,95.0,96.0,30965.0,8174.0,39139.0,14732.0,376.0,426.0,50.0,253.0,10.0,263.0,15.0,0.0,15.0,24.0,0.0,24.0,0.021572743419990312,0.013946660141913383,0.035519403561903695
2019-04-12,506.0,178.0,684.0,208.0,126.0,334.0,1.0,87.0,88.0,35971.0,8475.0,44446.0,17614.0,416.0,461.0,45.0,529.0,8.0,537.0,28.0,0.0,28.0,49.0,0.0,49.0,0.028411776153012148,0.012389380530973451,0.040801156683985595
2019-04-13,190.0,268.0,458.0,72.0,160.0,232.0,1.0,55.0,56.0,30459.0,7140.0,37599.0,17420.0,371.0,424.0,53.0,364.0,4.0,368.0,18.0,0.0,18.0,25.0,1.0,26.0,0.025542532584786105,0.01484593837535014,0.040388470960136244
2019-04-14,630.0,174.0,804.0,119.0,114.0,231.0,1.0,36.0,37.0,26091.0,4907.0,30998.0,14746.0,304.0,332.0,28.0,183.0,6.0,189.0,12.0,0.0,12.0,7.0,0.0,7.0,0.01939366064926603,0.017525983289178725,0.036919643938444754
2019-04-15,1259.0,236.0,1495.0,263.0,124.0,385.0,0.0,85.0,85.0,36303.0,5055.0,41358.0,20707.0,367.0,389.0,22.0,244.0,5.0,249.0,11.0,0.0,11.0,11.0,1.0,12.0,0.017436575489628955,0.013452027695351138,0.030888603184980094
2019-04-16,1208.0,221.0,1429.0,272.0,124.0,393.0,0.0,65.0,65.0,34789.0,3852.0,38641.0,19039.0,381.0,405.0,24.0,244.0,7.0,251.0,5.0,0.0,5.0,11.0,0.0,11.0,0.01842536433930265,0.020249221183800622,0.03867458552310327
2019-04-17,733.0,225.0,958.0,233.0,137.0,369.0,0.0,69.0,69.0,29651.0,4007.0,33658.0,15351.0,358.0,374.0,16.0,208.0,5.0,213.0,6.0,0.0,6.0,11.0,1.0,12.0,0.019662068732926377,0.01672073870726229,0.036382807440188666
2019-04-18,5642.0,210.0,5852.0,293.0,127.0,418.0,0.0,75.0,75.0,28932.0,3975.0,32907.0,14059.0,324.0,352.0,28.0,189.0,4.0,193.0,9.0,0.0,9.0,13.0,0.0,13.0,0.01849163555924236,0.016855345911949687,0.03534698147119204
2019-04-19,1186.0,267.0,1453.0,217.0,138.0,354.0,0.0,74.0,74.0,25224.0,10086.0,35310.0,12076.0,243.0,302.0,59.0,191.0,15.0,206.0,3.0,0.0,3.0,8.0,0.0,8.0,0.017641928322232794,0.014376363275827881,0.032018291598060675
2019-04-20,187.0,232.0,419.0,89.0,152.0,240.0,0.0,31.0,31.0,22247.0,10858.0,33105.0,9531.0,345.0,409.0,64.0,175.0,11.0,186.0,2.0,0.0,2.0,8.0,1.0,9.0,0.0238234368678923,0.012249032971081231,0.03607246983897353
2019-04-21,279.0,286.0,565.0,73.0,132.0,204.0,0.0,48.0,48.0,20907.0,8900.0,29807.0,9612.0,563.0,614.0,51.0,152.0,12.0,164.0,5.0,0.0,5.0,5.0,0.0,5.0,0.03467738078155642,0.012247191011235956,0.04692457179279237
2019-04-22,423.0,300.0,723.0,196.0,180.0,375.0,0.0,71.0,71.0,32615.0,16682.0,49297.0,14627.0,556.0,656.0,100.0,192.0,16.0,208.0,6.0,2.0,8.0,15.0,0.0,15.0,0.023578108232408402,0.012468528953362906,0.03604663718577131
2019-04-23,456.0,227.0,683.0,220.0,141.0,361.0,0.0,107.0,107.0,27996.0,5982.0,33978.0,13210.0,292.0,338.0,46.0,154.0,5.0,159.0,6.0,0.0,6.0,12.0,0.0,12.0,0.016573796256608087,0.019391507856904047,0.035965304113512134
2019-04-24,326.0,187.0,513.0,177.0,120.0,296.0,0.0,95.0,95.0,31030.0,5052.0,36082.0,14448.0,235.0,265.0,30.0,188.0,6.0,194.0,6.0,0.0,6.0,11.0,0.0,11.0,0.014179825974863036,0.020783847980997625,0.03496367395586066
2019-04-25,504.0,280.0,784.0,189.0,146.0,334.0,0.0,92.0,92.0,26607.0,5210.0,31817.0,12379.0,296.0,330.0,34.0,191.0,11.0,202.0,5.0,0.0,5.0,11.0,2.0,13.0,0.018904799488856316,0.021305182341650672,0.04020998183050699
2019-04-26,354.0,172.0,526.0,164.0,112.0,274.0,1.0,50.0,51.0,25315.0,7965.0,33280.0,12096.0,243.0,289.0,46.0,231.0,9.0,240.0,7.0,0.0,7.0,15.0,1.0,16.0,0.019593126604779774,0.01669805398618958,0.03629118059096935
2019-04-27,249.0,334.0,583.0,87.0,192.0,279.0,0.0,41.0,41.0,22749.0,11806.0,34555.0,10934.0,264.0,337.0,73.0,171.0,14.0,185.0,2.0,1.0,3.0,18.0,0.0,18.0,0.020000879159523494,0.012197187870574284,0.03219806703009778
2019-04-28,105.0,217.0,322.0,66.0,144.0,209.0,0.0,53.0,53.0,25496.0,5324.0,30820.0,11250.0,385.0,423.0,38.0,204.0,4.0,208.0,6.0,0.0,6.0,19.0,0.0,19.0,0.0240822089739567,0.010706235912847483,0.03478844488680419
2019-04-29,269.0,194.0,463.0,157.0,114.0,269.0,0.0,57.0,57.0,37368.0,3132.0,40500.0,15765.0,393.0,405.0,12.0,306.0,4.0,310.0,18.0,0.0,18.0,19.0,0.0,19.0,0.01969599657460929,0.013090676883780333,0.03278667345838962
2019-04-30,421.0,183.0,604.0,203.0,113.0,316.0,0.0,93.0,93.0,31596.0,2775.0,34371.0,14080.0,309.0,326.0,17.0,261.0,2.0,263.0,15.0,0.0,15.0,14.0,0.0,14.0,0.018958095961514116,0.016936936936936937,0.03589503289845106
2019-05-01,317.0,240.0,557.0,163.0,131.0,292.0,0.0,66.0,66.0,28405.0,3167.0,31572.0,13293.0,247.0,268.0,21.0,162.0,4.0,166.0,5.0,0.0,5.0,10.0,0.0,10.0,0.014926949480725224,0.019892642879696873,0.0348195923604221
2019-05-02,341.0,183.0,524.0,132.0,115.0,246.0,0.0,63.0,63.0,25440.0,2795.0,28235.0,12397.0,209.0,234.0,25.0,166.0,3.0,169.0,6.0,0.0,6.0,9.0,0.0,9.0,0.015330188679245283,0.017531305903398926,0.03286149458264421
2019-05-03,299.0,253.0,552.0,150.0,133.0,282.0,0.0,60.0,60.0,19142.0,2886.0,22028.0,9535.0,218.0,231.0,13.0,166.0,3.0,169.0,9.0,0.0,9.0,4.0,0.0,4.0,0.020739734614982762,0.01282051282051282,0.033560247435495585
2019-05-04,102.0,203.0,305.0,58.0,119.0,177.0,0.0,41.0,41.0,12901.0,2290.0,15191.0,6481.0,234.0,244.0,10.0,245.0,0.0,245.0,7.0,0.0,7.0,6.0,0.0,6.0,0.038136578559801564,0.010917030567685589,0.04905360912748715
2019-05-05,110.0,209.0,319.0,55.0,123.0,178.0,0.0,43.0,43.0,17790.0,2442.0,20232.0,8814.0,244.0,257.0,13.0,200.0,5.0,205.0,0.0,0.0,0.0,4.0,0.0,4.0,0.025182686902754357,0.015151515151515152,0.040334202054269505
2019-05-06,386.0,197.0,583.0,177.0,116.0,292.0,0.0,71.0,71.0,31292.0,2794.0,34086.0,14912.0,309.0,315.0,6.0,352.0,2.0,354.0,6.0,0.0,6.0,5.0,0.0,5.0,0.02147513741531382,0.006800286327845383,0.028275423743159202
2019-05-07,359.0,242.0,601.0,188.0,129.0,316.0,0.0,83.0,83.0,43140.0,1990.0,45130.0,22978.0,353.0,358.0,5.0,495.0,2.0,497.0,9.0,0.0,9.0,18.0,0.0,18.0,0.020282800185442745,0.013567839195979899,0.033850639381422645
2019-05-08,359.0,242.0,601.0,185.0,131.0,315.0,0.0,100.0,100.0,28353.0,1336.0,29689.0,15336.0,222.0,228.0,6.0,268.0,1.0,269.0,7.0,0.0,7.0,8.0,0.0,8.0,0.017811166366874756,0.01347305389221557,0.03128422025909033
2019-05-09,279.0,232.0,511.0,159.0,127.0,286.0,0.0,68.0,68.0,20194.0,1333.0,21527.0,10398.0,135.0,137.0,2.0,148.0,0.0,148.0,5.0,0.0,5.0,9.0,0.0,9.0,0.014707338813508964,0.012753188297074268,0.027460527110583232
2019-05-10,247.0,173.0,420.0,135.0,111.0,245.0,0.0,60.0,60.0,20044.0,2819.0,22863.0,10977.0,182.0,192.0,10.0,162.0,3.0,165.0,9.0,0.0,9.0,5.0,0.0,5.0,0.017860706445819198,0.009932600212841433,0.02779330665866063
2019-05-11,113.0,264.0,377.0,57.0,168.0,225.0,0.0,40.0,40.0,23866.0,13045.0,36911.0,11720.0,382.0,475.0,93.0,212.0,14.0,226.0,9.0,0.0,9.0,4.0,0.0,4.0,0.025433671331601442,0.013108470678420851,0.03854214201002229
2019-05-12,114.0,208.0,322.0,61.0,124.0,185.0,0.0,45.0,45.0,28714.0,3133.0,31847.0,14583.0,849.0,868.0,19.0,287.0,6.0,293.0,8.0,0.0,8.0,3.0,0.0,3.0,0.039945671101204984,0.013724864347270986,0.05367053544847597
2019-05-13,365.0,243.0,608.0,169.0,137.0,304.0,0.0,83.0,83.0,35111.0,1590.0,36701.0,17415.0,624.0,629.0,5.0,301.0,2.0,303.0,5.0,0.0,5.0,9.0,0.0,9.0,0.026743755518213664,0.012578616352201259,0.03932237187041492
2019-05-14,373.0,194.0,567.0,191.0,126.0,316.0,0.0,73.0,73.0,27136.0,1433.0,28569.0,13574.0,377.0,382.0,5.0,203.0,1.0,204.0,5.0,0.0,5.0,4.0,0.0,4.0,0.021705483490566037,0.01674808094905792,0.03845356443962396
2019-05-15,322.0,178.0,500.0,176.0,117.0,292.0,0.0,57.0,57.0,38866.0,180.0,39046.0,19513.0,481.0,481.0,0.0,542.0,0.0,542.0,11.0,0.0,11.0,17.0,0.0,17.0,0.027041630216641795,0.005555555555555556,0.03259718577219735
2019-05-16,471.0,222.0,693.0,178.0,137.0,315.0,0.0,81.0,81.0,48122.0,189.0,48311.0,26948.0,524.0,525.0,1.0,471.0,0.0,471.0,8.0,0.0,8.0,26.0,0.0,26.0,0.02138315115747475,0.005291005291005291,0.026674156448480042
2019-05-17,291.0,283.0,574.0,150.0,141.0,290.0,0.0,49.0,49.0,38210.0,129.0,38339.0,18825.0,455.0,456.0,1.0,511.0,0.0,511.0,17.0,0.0,17.0,30.0,0.0,30.0,0.02651138445433133,0.007751937984496124,0.03426332243882745
2019-05-18,125.0,198.0,323.0,68.0,106.0,174.0,0.0,32.0,32.0,23789.0,62.0,23851.0,12692.0,333.0,333.0,0.0,309.0,2.0,311.0,2.0,0.0,2.0,12.0,0.0,12.0,0.027575770314010678,0.03225806451612903,0.05983383483013971
2019-05-19,173.0,167.0,340.0,52.0,90.0,142.0,0.0,33.0,33.0,18260.0,39.0,18299.0,9835.0,283.0,283.0,0.0,190.0,0.0,190.0,6.0,0.0,6.0,19.0,0.0,19.0,0.02727272727272727,0.02564102564102564,0.052913752913752915
2019-05-20,274.0,195.0,469.0,138.0,106.0,244.0,1.0,72.0,73.0,29537.0,112.0,29649.0,15847.0,222.0,223.0,1.0,251.0,0.0,251.0,7.0,0.0,7.0,12.0,0.0,12.0,0.01665707417814944,0.008928571428571428,0.02558564560672087
2019-05-21,477.0,236.0,713.0,170.0,127.0,296.0,0.0,77.0,77.0,27096.0,146.0,27242.0,13799.0,288.0,289.0,1.0,196.0,0.0,196.0,11.0,0.0,11.0,10.0,0.0,10.0,0.018637437260112192,0.00684931506849315,0.025486752328605342
2019-05-22,356.0,186.0,542.0,167.0,90.0,255.0,0.0,64.0,64.0,19242.0,163.0,19405.0,9729.0,203.0,206.0,3.0,138.0,1.0,139.0,2.0,0.0,2.0,5.0,0.0,5.0,0.01808543810414718,0.024539877300613498,0.04262531540476068
2019-05-23,314.0,202.0,516.0,167.0,123.0,290.0,0.0,81.0,81.0,28503.0,171.0,28674.0,13540.0,247.0,247.0,0.0,108.0,1.0,109.0,6.0,0.0,6.0,5.0,0.0,5.0,0.012840753604883697,0.011695906432748537,0.024536660037632232
2019-05-24,271.0,205.0,476.0,145.0,124.0,269.0,0.0,58.0,58.0,24146.0,7628.0,31774.0,11639.0,211.0,245.0,34.0,164.0,9.0,173.0,5.0,0.0,5.0,11.0,0.0,11.0,0.016193158287086888,0.008914525432616675,0.025107683719703563
2019-05-25,127.0,217.0,344.0,60.0,137.0,197.0,0.0,16.0,16.0,12559.0,8958.0,21517.0,6171.0,128.0,180.0,52.0,102.0,15.0,117.0,0.0,0.0,0.0,4.0,1.0,5.0,0.018632056692411816,0.0106050457691449,0.029237102461556717
2019-05-26,73.0,181.0,254.0,41.0,99.0,140.0,0.0,34.0,34.0,12843.0,1238.0,14081.0,6565.0,190.0,200.0,10.0,121.0,2.0,123.0,2.0,0.0,2.0,6.0,0.0,6.0,0.024838433387837734,0.013731825525040387,0.03857025891287812
2019-05-27,193.0,178.0,371.0,76.0,108.0,184.0,0.0,36.0,36.0,23375.0,122.0,23497.0,11858.0,265.0,265.0,0.0,353.0,0.0,353.0,8.0,0.0,8.0,20.0,0.0,20.0,0.027636363636363636,0.0,0.027636363636363636
2019-05-28,448.0,192.0,640.0,176.0,102.0,276.0,0.0,50.0,50.0,33629.0,186.0,33815.0,18217.0,259.0,260.0,1.0,285.0,2.0,287.0,2.0,0.0,2.0,10.0,1.0,11.0,0.016533349192661095,0.021505376344086023,0.038038725536747114
2019-05-29,345.0,200.0,545.0,186.0,106.0,291.0,0.0,50.0,50.0,24203.0,213.0,24416.0,12335.0,209.0,210.0,1.0,179.0,0.0,179.0,5.0,0.0,5.0,5.0,0.0,5.0,0.016444242449283147,0.009389671361502348,0.025833913810785494
2019-05-30,376.0,169.0,545.0,173.0,106.0,279.0,1.0,70.0,71.0,19312.0,225.0,19537.0,9564.0,188.0,190.0,2.0,125.0,0.0,125.0,2.0,0.0,2.0,8.0,0.0,8.0,0.016725352112676055,0.017777777777777778,0.03450312989045383
2019-05-31,254.0,151.0,405.0,156.0,107.0,263.0,0.0,53.0,53.0,21460.0,220.0,21680.0,10210.0,228.0,235.0,7.0,176.0,0.0,176.0,1.0,0.0,1.0,13.0,0.0,13.0,0.019478098788443615,0.031818181818181815,0.05129628060662543
2019-06-01,91.0,167.0,258.0,54.0,101.0,154.0,0.0,22.0,22.0,15031.0,173.0,15204.0,7204.0,152.0,155.0,3.0,116.0,1.0,117.0,2.0,0.0,2.0,7.0,0.0,7.0,0.018428580932739008,0.028901734104046242,0.04733031503678525
2019-06-02,124.0,192.0,316.0,46.0,96.0,141.0,0.0,42.0,42.0,11895.0,171.0,12066.0,5907.0,155.0,157.0,2.0,74.0,0.0,74.0,0.0,0.0,0.0,4.0,0.0,4.0,0.01958806221101303,0.011695906432748537,0.03128396864376157
2019-06-03,447.0,198.0,645.0,165.0,116.0,280.0,0.0,52.0,52.0,16019.0,6904.0,22923.0,7669.0,147.0,179.0,32.0,86.0,3.0,89.0,-2.0,0.0,-2.0,2.0,0.0,2.0,0.014545227542293527,0.009269988412514484,0.02381521595480801
2019-06-04,480.0,258.0,738.0,177.0,150.0,326.0,0.0,76.0,76.0,14295.0,12213.0,26508.0,6348.0,137.0,219.0,82.0,80.0,12.0,92.0,5.0,0.0,5.0,2.0,1.0,3.0,0.015669814620496676,0.01203635470400393,0.027706169324500606
2019-06-05,381.0,188.0,569.0,161.0,117.0,278.0,0.0,49.0,49.0,20529.0,275.0,20804.0,10340.0,213.0,217.0,4.0,91.0,0.0,91.0,1.0,0.0,1.0,6.0,0.0,6.0,0.015149300988845048,0.014545454545454545,0.029694755534299594
2019-06-06,403.0,214.0,617.0,184.0,130.0,312.0,0.0,54.0,54.0,21326.0,255.0,21581.0,9774.0,210.0,213.0,3.0,99.0,1.0,100.0,0.0,0.0,0.0,5.0,0.0,5.0,0.01472381131013786,0.027450980392156862,0.042174791702294726
2019-06-07,251.0,248.0,499.0,135.0,152.0,286.0,0.0,62.0,62.0,26155.0,238.0,26393.0,12654.0,373.0,378.0,5.0,311.0,0.0,311.0,31.0,0.0,31.0,14.0,0.0,14.0,0.027872299751481554,0.02100840336134454,0.04888070311282609
2019-06-08,73.0,213.0,286.0,46.0,112.0,157.0,1.0,39.0,40.0,28419.0,196.0,28615.0,14901.0,765.0,768.0,3.0,534.0,0.0,534.0,24.0,0.0,24.0,40.0,0.0,40.0,0.04796087124810866,0.015306122448979591,0.06326699369708826
2019-06-09,126.0,210.0,336.0,62.0,112.0,174.0,0.0,46.0,46.0,44690.0,205.0,44895.0,24825.0,1393.0,1394.0,1.0,687.0,1.0,688.0,20.0,0.0,20.0,45.0,0.0,45.0,0.047997314835533676,0.00975609756097561,0.05775341239650929
